"type","sloc","nom","npm","wmc","dep","i-dep","fan-in","fan-out","noa","lcom3","dit","child","npa"
"io.kubernetes.client.openapi.apis.CoreV1Api",24473,3038,2023,5446,56,48,0,51,1382,0.9998787267692668,1,0,0
"io.kubernetes.client.openapi.apis.AppsV1Api",7957,978,668,1842,31,23,0,26,479,0.9999636738941372,1,0,0
"io.kubernetes.client.openapi.apis.StorageV1Api",5102,654,454,1247,30,22,0,25,296,0.9991256570506187,1,0,0
"io.kubernetes.client.openapi.apis.ResourceV1alpha2Api",4970,621,431,1213,28,20,0,23,301,0.9992819633479798,1,0,0
"io.kubernetes.client.openapi.apis.RbacAuthorizationV1Api",4092,520,365,1030,28,20,0,23,247,0.9985334612654359,1,0,0
"io.kubernetes.client.openapi.apis.NetworkingV1Api",3538,445,310,907,26,18,0,21,213,0.9979592268324663,1,0,0
"io.kubernetes.client.openapi.apis.CustomObjectsApi",3416,372,237,847,18,10,0,13,224,0.9981469002695418,1,0,0
"io.kubernetes.client.openapi.apis.BatchV1Api",2984,370,255,784,24,16,0,19,179,0.9969871765756765,1,0,0
"io.kubernetes.client.openapi.apis.FlowcontrolApiserverV1beta2Api",2544,328,223,902,24,16,0,19,137,0.9952231076586532,1,0,0
"io.kubernetes.client.openapi.apis.FlowcontrolApiserverV1beta3Api",2544,328,223,902,24,16,0,19,137,0.9952231076586532,1,0,0
"io.kubernetes.client.openapi.apis.AdmissionregistrationV1alpha1Api",2224,288,198,810,24,16,0,19,122,0.9934597589535615,1,0,0
"io.kubernetes.client.openapi.apis.AdmissionregistrationV1beta1Api",2224,288,198,810,24,16,0,19,122,0.9934597589535615,1,0,0
"io.kubernetes.client.openapi.apis.AdmissionregistrationV1Api",1904,248,173,558,24,16,0,19,107,0.9907677172802603,1,0,0
"io.kubernetes.client.openapi.apis.NetworkingV1alpha1Api",1904,248,173,558,24,16,0,19,107,0.9907677172802603,1,0,0
"io.kubernetes.client.openapi.apis.CertificatesV1Api",1652,213,143,499,22,14,0,17,85,0.9866814650388458,1,0,0
"io.kubernetes.client.openapi.apis.AutoscalingV1Api",1552,194,134,599,22,14,0,17,91,0.9851961509992598,1,0,0
"io.kubernetes.client.openapi.apis.AutoscalingV2Api",1552,194,134,599,22,14,0,17,91,0.9851961509992598,1,0,0
"io.kubernetes.client.openapi.apis.PolicyV1Api",1552,194,134,478,22,14,0,17,91,0.9851961509992598,1,0,0
"io.kubernetes.client.openapi.apis.ApiextensionsV1Api",1332,173,118,432,22,14,0,17,70,0.9788205980066446,1,0,0
"io.kubernetes.client.openapi.apis.ApiregistrationV1Api",1332,173,118,432,22,14,0,17,70,0.9788205980066446,1,0,0
"io.kubernetes.client.openapi.apis.InternalApiserverV1alpha1Api",1332,173,118,432,22,14,0,17,70,0.9788205980066446,1,0,0
"io.kubernetes.client.openapi.apis.CoordinationV1Api",1214,154,109,408,22,14,0,17,73,0.9751096785746262,1,0,0
"io.kubernetes.client.openapi.apis.DiscoveryV1Api",1214,154,109,408,22,14,0,17,73,0.9751096785746262,1,0,0
"io.kubernetes.client.openapi.apis.EventsV1Api",1214,154,109,504,22,14,0,17,73,0.9751096785746262,1,0,0
"io.kubernetes.client.openapi.models.V1PodSpec",1054,141,140,1369,42,16,2,25,80,0.7274999999999999,1,0,0
"io.kubernetes.client.openapi.models.V1JSONSchemaProps",1033,154,153,1345,29,3,1,16,90,0.7241830065359477,1,0,0
"io.kubernetes.client.openapi.apis.CertificatesV1alpha1Api",1012,133,93,365,22,14,0,17,55,0.9628099173553719,1,0,0
"io.kubernetes.client.openapi.apis.NodeV1Api",1012,133,93,365,22,14,0,17,55,0.9628099173553719,1,0,0
"io.kubernetes.client.openapi.apis.SchedulingV1Api",1012,133,93,365,22,14,0,17,55,0.9628099173553719,1,0,0
"io.kubernetes.client.openapi.JSON",861,34,32,59,29,2,559,11,12,0.9671717171717172,6,0,0
"io.kubernetes.client.openapi.ApiClient",844,90,81,212,39,4,59,19,19,0.9124778237729155,1,0,0
"io.kubernetes.client.openapi.models.V1PersistentVolumeSpec",760,104,103,1288,52,26,2,35,62,0.7090510491700595,1,0,0
"io.kubernetes.client.openapi.models.V1Volume",748,101,100,1282,55,30,1,38,62,0.695,1,0,0
"io.kubernetes.client.openapi.models.V1EphemeralContainer",726,94,93,1292,37,11,1,20,52,0.7258064516129032,1,0,0
"io.kubernetes.client.openapi.models.V1Container",706,91,90,1286,37,11,1,20,50,0.7277777777777777,1,0,0
"io.kubernetes.client.openapi.apis.AuthorizationV1Api",559,74,49,265,21,13,0,16,24,0.9691780821917808,1,0,0
"io.kubernetes.client.openapi.models.V1PodStatus",543,66,65,1252,33,6,1,14,34,0.7461538461538462,1,0,0
"io.kubernetes.client.openapi.models.V1ServiceSpec",537,74,73,1242,29,3,1,13,40,0.7465753424657534,1,0,0
"io.kubernetes.client.openapi.models.V1ObjectMeta",453,61,60,1216,30,3,83,13,32,0.7625,1,0,0
"io.kubernetes.client.openapi.models.EventsV1Event",452,62,61,1218,31,5,2,14,36,0.7131147540983607,1,0,0
"io.kubernetes.client.openapi.models.CoreV1Event",449,62,61,1214,31,5,2,14,36,0.7131147540983607,1,0,0
"io.kubernetes.client.openapi.models.V1NodeStatus",420,51,50,1209,35,9,1,18,24,0.7983333333333333,1,0,0
"io.kubernetes.client.openapi.models.V1MutatingWebhook",402,50,49,1202,31,5,1,14,26,0.7448979591836735,1,0,0
"io.kubernetes.client.openapi.models.V1ValidatingWebhook",382,47,46,1196,31,5,1,14,24,0.75,1,0,0
"io.kubernetes.client.openapi.models.V1JobSpec",373,53,52,1185,29,4,2,12,30,0.7211538461538461,1,0,0
"io.kubernetes.client.openapi.models.V1StatefulSetSpec",351,45,44,1183,33,7,1,15,24,0.7386363636363636,1,0,0
"io.kubernetes.client.openapi.models.V1StorageClass",348,44,43,1191,29,3,2,14,22,0.7610993657505285,1,0,0
"io.kubernetes.client.openapi.models.V1APIResource",345,44,43,1187,27,1,1,10,22,0.7758985200845665,1,0,0
"io.kubernetes.client.openapi.models.V1ContainerStatus",343,45,44,1180,29,4,1,12,24,0.7462121212121212,1,0,0
"io.kubernetes.client.openapi.models.V1ISCSIPersistentVolumeSource",339,45,44,1183,28,2,1,11,24,0.7386363636363636,1,0,0
"io.kubernetes.client.openapi.models.V1ISCSIVolumeSource",339,45,44,1183,28,2,1,11,24,0.7386363636363636,1,0,0
"io.kubernetes.client.openapi.apis.AuthenticationV1Api",335,46,31,236,19,11,0,13,13,0.9452991452991454,1,0,0
"io.kubernetes.client.openapi.models.V1JobStatus",332,45,44,1179,30,3,1,11,24,0.7386363636363636,1,0,0
"io.kubernetes.client.openapi.models.V1PodSecurityContext",329,43,42,1181,31,5,1,14,22,0.75,1,0,0
"io.kubernetes.client.openapi.models.V1NodeSystemInfo",328,41,40,1173,26,1,1,9,22,0.7375,1,0,0
"io.kubernetes.client.openapi.models.V1CSIPersistentVolumeSource",324,42,41,1180,27,2,1,11,22,0.7549889135254989,1,0,0
"io.kubernetes.client.openapi.models.V1alpha1ValidatingAdmissionPolicySpec",321,36,35,1187,33,7,1,15,16,0.7857142857142857,1,0,0
"io.kubernetes.client.openapi.models.V1beta1ValidatingAdmissionPolicySpec",321,36,35,1187,33,7,1,15,16,0.7857142857142857,1,0,0
"io.kubernetes.client.openapi.models.V1SecurityContext",319,44,43,1175,30,5,2,13,24,0.7325581395348837,1,0,0
"io.kubernetes.client.openapi.models.V1StatefulSetStatus",316,42,41,1176,28,2,1,10,22,0.7439024390243902,1,0,0
"io.kubernetes.client.openapi.models.V1ScaleIOPersistentVolumeSource",314,41,40,1180,27,2,1,10,22,0.7375,1,0,0
"io.kubernetes.client.openapi.models.V1ScaleIOVolumeSource",314,41,40,1180,27,2,1,10,22,0.7375,1,0,0
"io.kubernetes.client.openapi.models.V1DaemonSetStatus",313,42,41,1170,28,2,1,10,22,0.7439024390243902,1,0,0
"io.kubernetes.client.openapi.models.VersionInfo",307,38,37,1169,26,1,1,9,20,0.7432432432432432,1,0,0
"io.kubernetes.client.openapi.models.V1Probe",299,41,40,1169,30,5,2,13,22,0.7375,1,0,0
"io.kubernetes.client.openapi.models.V1Endpoint",299,37,36,1178,30,4,1,14,18,0.8024691358024691,1,0,0
"io.kubernetes.client.openapi.models.V1CertificateSigningRequestSpec",296,38,37,1174,27,1,1,11,18,0.7972972972972973,1,0,0
"io.kubernetes.client.openapi.models.V1CustomResourceDefinitionVersion",292,36,35,1172,30,4,1,12,18,0.7571428571428571,1,0,0
"io.kubernetes.client.openapi.models.V1RBDPersistentVolumeSource",289,36,35,1176,28,2,1,11,18,0.7619047619047619,1,0,0
"io.kubernetes.client.openapi.models.V1RBDVolumeSource",289,36,35,1176,28,2,1,11,18,0.7619047619047619,1,0,0
"io.kubernetes.client.openapi.models.V1PersistentVolumeClaimSpec",286,36,35,1176,31,5,2,14,18,0.7571428571428571,1,0,0
"io.kubernetes.client.openapi.models.V1TopologySpreadConstraint",285,36,35,1171,28,2,1,11,18,0.7571428571428571,1,0,0
"io.kubernetes.client.openapi.models.V1CSIDriverSpec",283,37,36,1169,28,2,1,11,18,0.7638888888888888,1,0,0
"io.kubernetes.client.openapi.models.V1NodeSpec",276,34,33,1174,29,3,1,12,16,0.7727272727272727,1,0,0
"io.kubernetes.client.openapi.models.V1PersistentVolumeClaimStatus",273,34,33,1169,29,3,1,13,14,0.8463203463203464,1,0,0
"io.kubernetes.client.openapi.models.V1PodDisruptionBudgetStatus",272,34,33,1163,29,2,1,11,16,0.7746212121212122,1,0,0
"io.kubernetes.client.openapi.models.V1Status",271,35,34,1174,28,3,30,11,18,0.75,1,0,0
"io.kubernetes.client.openapi.models.V1EndpointSlice",271,31,30,1171,30,4,2,13,14,0.7833333333333333,1,0,0
"io.kubernetes.client.openapi.models.V1DeploymentStatus",270,36,35,1162,28,2,1,10,18,0.7571428571428571,1,0,0
"io.kubernetes.client.openapi.models.V1alpha1NamedRuleWithOperations",270,34,33,1172,27,1,1,10,14,0.803030303030303,1,0,0
"io.kubernetes.client.openapi.models.V1beta1NamedRuleWithOperations",270,34,33,1172,27,1,1,10,14,0.803030303030303,1,0,0
"io.kubernetes.client.openapi.models.V1APIGroup",270,31,30,1171,29,3,22,11,14,0.7833333333333333,1,0,0
"io.kubernetes.client.openapi.models.V1CronJobSpec",267,35,34,1164,27,2,1,10,18,0.75,1,0,0
"io.kubernetes.client.openapi.models.V1ServiceAccount",265,31,30,1171,30,4,2,13,14,0.7833333333333333,1,0,0
"io.kubernetes.client.openapi.models.V1DeploymentSpec",264,35,34,1159,29,4,1,12,18,0.75,1,0,0
"io.kubernetes.client.openapi.models.V1LimitRangeItem",262,34,33,1162,27,2,1,10,14,0.8441558441558442,1,0,0
"io.kubernetes.client.openapi.models.V1Secret",262,34,33,1167,28,3,3,14,16,0.7916666666666666,1,0,0
"io.kubernetes.client.openapi.models.V1CSIStorageCapacity",262,32,31,1171,29,4,2,13,16,0.7580645161290323,1,0,0
"io.kubernetes.client.openapi.models.V2HorizontalPodAutoscalerStatus",262,31,30,1165,30,3,1,11,14,0.7833333333333333,1,0,0
"io.kubernetes.client.openapi.models.V1PolicyRule",258,31,30,1168,27,1,2,10,12,0.8444444444444444,1,0,0
"io.kubernetes.client.openapi.models.V1DeleteOptions",257,33,32,1167,28,2,28,11,16,0.765625,1,0,0
"io.kubernetes.client.openapi.models.V1CustomResourceDefinitionNames",256,31,30,1167,27,1,2,10,14,0.7833333333333333,1,0,0
"io.kubernetes.client.openapi.models.V1PriorityClass",254,32,31,1168,27,2,2,11,16,0.7580645161290323,1,0,0
"io.kubernetes.client.openapi.models.V1beta2ResourcePolicyRule",254,30,29,1164,27,1,1,10,12,0.8706896551724138,1,0,0
"io.kubernetes.client.openapi.models.V1beta3ResourcePolicyRule",254,30,29,1164,27,1,1,10,12,0.8706896551724138,1,0,0
"io.kubernetes.client.openapi.models.V1ObjectReference",253,32,31,1173,26,1,9,9,16,0.7580645161290323,1,0,0
"io.kubernetes.client.openapi.models.V1ResourceAttributes",253,32,31,1173,26,1,2,9,16,0.7580645161290323,1,0,0
"io.kubernetes.client.openapi.models.V1CustomResourceDefinitionSpec",253,30,29,1159,30,4,1,12,14,0.7758620689655172,1,0,0
"io.kubernetes.client.openapi.models.V1SubjectAccessReviewSpec",250,31,30,1165,29,3,2,13,14,0.8142857142857144,1,0,0
"io.kubernetes.client.openapi.models.V1APIServiceSpec",249,32,31,1162,27,2,1,10,16,0.7580645161290323,1,0,0
"io.kubernetes.client.openapi.models.V1ContainerStateTerminated",248,32,31,1163,27,1,1,9,16,0.7580645161290323,1,0,0
"io.kubernetes.client.openapi.models.V1ManagedFieldsEntry",248,32,31,1167,27,1,1,9,16,0.7580645161290323,1,0,0
"io.kubernetes.client.openapi.models.V1CephFSPersistentVolumeSource",248,30,29,1166,28,2,1,11,14,0.7832512315270936,1,0,0
"io.kubernetes.client.openapi.models.V1CephFSVolumeSource",248,30,29,1166,28,2,1,11,14,0.7832512315270936,1,0,0
"io.kubernetes.client.openapi.models.V1StatusDetails",248,30,29,1168,28,2,1,10,14,0.7758620689655172,1,0,0
"io.kubernetes.client.openapi.models.V1alpha1MatchResources",247,28,27,1167,29,3,2,11,12,0.7962962962962963,1,0,0
"io.kubernetes.client.openapi.models.V1beta1MatchResources",247,28,27,1167,29,3,2,11,12,0.7962962962962963,1,0,0
"io.kubernetes.client.openapi.models.V2MetricSpec",244,29,28,1162,31,6,1,14,14,0.7678571428571429,1,0,0
"io.kubernetes.client.openapi.models.V2MetricStatus",244,29,28,1162,31,6,1,14,14,0.7678571428571429,1,0,0
"io.kubernetes.client.openapi.models.V1RuleWithOperations",243,30,29,1165,27,1,2,10,12,0.8103448275862069,1,0,0
"io.kubernetes.client.openapi.models.V1ReplicaSetStatus",242,30,29,1158,28,2,1,10,14,0.7758620689655172,1,0,0
"io.kubernetes.client.openapi.models.V1ReplicationControllerStatus",242,30,29,1158,28,2,1,10,14,0.7758620689655172,1,0,0
"io.kubernetes.client.openapi.models.V1alpha2ResourceClass",242,29,28,1164,29,4,2,13,14,0.7678571428571429,1,0,0
"io.kubernetes.client.openapi.models.V1RuntimeClass",242,29,28,1164,29,4,2,13,14,0.7678571428571429,1,0,0
"io.kubernetes.client.openapi.models.V1ConfigMap",241,31,30,1161,27,2,2,13,14,0.8166666666666667,1,0,0
"io.kubernetes.client.openapi.models.V1NetworkPolicySpec",239,26,25,1163,30,4,1,13,10,0.82,1,0,0
"io.kubernetes.client.openapi.models.V1Condition",238,29,28,1155,27,1,4,9,14,0.7678571428571429,1,0,0
"io.kubernetes.client.openapi.models.V1CustomResourceColumnDefinition",238,29,28,1160,26,1,1,9,14,0.7678571428571429,1,0,0
"io.kubernetes.client.openapi.models.V1HTTPGetAction",238,27,26,1165,29,3,2,11,12,0.7884615384615384,1,0,0
"io.kubernetes.client.openapi.models.V1AzureDiskVolumeSource",237,29,28,1162,26,1,2,9,14,0.7678571428571429,1,0,0
"io.kubernetes.client.openapi.models.V1QuobyteVolumeSource",237,29,28,1162,26,1,2,9,14,0.7678571428571429,1,0,0
"io.kubernetes.client.openapi.models.V1VolumeMount",237,29,28,1162,26,1,2,9,14,0.7678571428571429,1,0,0
"io.kubernetes.client.openapi.models.V1ClusterRoleBinding",237,27,26,1163,30,4,2,13,12,0.7884615384615384,1,0,0
"io.kubernetes.client.openapi.models.V1RoleBinding",237,27,26,1163,30,4,2,13,12,0.7884615384615384,1,0,0
"io.kubernetes.client.openapi.models.V1alpha1StorageVersionCondition",236,29,28,1157,27,1,1,9,14,0.7678571428571429,1,0,0
"io.kubernetes.client.openapi.models.V1OwnerReference",236,29,28,1155,26,1,1,9,14,0.7678571428571429,1,0,0
"io.kubernetes.client.openapi.models.V1CertificateSigningRequestCondition",235,29,28,1159,27,1,1,9,14,0.7678571428571429,1,0,0
"io.kubernetes.client.openapi.models.V1DeploymentCondition",235,29,28,1159,27,1,1,9,14,0.7678571428571429,1,0,0
"io.kubernetes.client.openapi.models.V1JobCondition",235,29,28,1159,27,1,1,9,14,0.7678571428571429,1,0,0
"io.kubernetes.client.openapi.models.V1NodeCondition",235,29,28,1159,27,1,1,9,14,0.7678571428571429,1,0,0
"io.kubernetes.client.openapi.models.V1PersistentVolumeClaimCondition",235,29,28,1159,27,1,1,9,14,0.7678571428571429,1,0,0
"io.kubernetes.client.openapi.models.V1PodCondition",235,29,28,1159,27,1,1,9,14,0.7678571428571429,1,0,0
"io.kubernetes.client.openapi.models.V1ServicePort",234,29,28,1163,27,2,1,10,14,0.7678571428571429,1,0,0
"io.kubernetes.client.openapi.models.V1ClusterRole",233,27,26,1163,30,4,2,13,12,0.7884615384615384,1,0,0
"io.kubernetes.client.openapi.models.V2HorizontalPodAutoscalerSpec",232,27,26,1157,30,4,1,12,12,0.7884615384615384,1,0,0
"io.kubernetes.client.openapi.models.V1ResourceRule",231,27,26,1161,27,1,1,10,10,0.8576923076923078,1,0,0
"io.kubernetes.client.openapi.models.V1IngressSpec",228,25,24,1162,30,4,1,12,10,0.8125,1,0,0
"io.kubernetes.client.openapi.apis.AuthenticationV1alpha1Api",226,32,22,213,18,10,0,12,8,0.8870967741935484,1,0,0
"io.kubernetes.client.openapi.apis.AuthenticationV1beta1Api",226,32,22,213,18,10,0,12,8,0.8870967741935484,1,0,0
"io.kubernetes.client.openapi.models.V1beta2PolicyRulesWithSubjects",225,23,22,1160,30,4,1,12,8,0.8409090909090909,1,0,0
"io.kubernetes.client.openapi.models.V1beta3PolicyRulesWithSubjects",225,23,22,1160,30,4,1,12,8,0.8409090909090909,1,0,0
"io.kubernetes.client.openapi.models.V1SubjectRulesReviewStatus",224,25,24,1156,29,3,1,11,10,0.8125,1,0,0
"io.kubernetes.client.openapi.models.V1FCVolumeSource",223,28,27,1157,27,1,2,10,12,0.7962962962962963,1,0,0
"io.kubernetes.client.openapi.models.V1CSIVolumeSource",223,27,26,1156,27,2,1,11,12,0.7916666666666666,1,0,0
"io.kubernetes.client.openapi.models.V1FlexPersistentVolumeSource",223,27,26,1156,27,2,1,11,12,0.7980769230769231,1,0,0
"io.kubernetes.client.openapi.models.V1FlexVolumeSource",223,27,26,1156,27,2,1,11,12,0.7980769230769231,1,0,0
"io.kubernetes.client.openapi.models.V1APIVersions",223,25,24,1159,28,2,1,11,10,0.8125,1,0,0
"io.kubernetes.client.openapi.models.V1EndpointSubset",222,23,22,1161,29,3,1,11,8,0.8409090909090909,1,0,0
"io.kubernetes.client.openapi.models.V1ConfigMapNodeConfigSource",221,26,25,1157,26,1,1,9,12,0.78,1,0,0
"io.kubernetes.client.openapi.models.AuthenticationV1TokenRequest",220,26,25,1158,29,4,1,13,12,0.78,1,0,0
"io.kubernetes.client.openapi.models.V1alpha2PodSchedulingContext",220,26,25,1158,29,4,2,13,12,0.78,1,0,0
"io.kubernetes.client.openapi.models.V1alpha2ResourceClaim",220,26,25,1158,29,4,2,13,12,0.78,1,0,0
"io.kubernetes.client.openapi.models.V1CertificateSigningRequest",220,26,25,1158,29,4,2,13,12,0.78,1,0,0
"io.kubernetes.client.openapi.models.V1CustomResourceDefinition",220,26,25,1158,29,4,2,13,12,0.78,1,0,0
"io.kubernetes.client.openapi.models.V1IngressClassParametersReference",220,26,25,1159,26,1,1,9,12,0.78,1,0,0
"io.kubernetes.client.openapi.models.V1LocalSubjectAccessReview",220,26,25,1158,29,4,1,13,12,0.78,1,0,0
"io.kubernetes.client.openapi.models.V1SelfSubjectAccessReview",220,26,25,1158,29,4,1,13,12,0.78,1,0,0
"io.kubernetes.client.openapi.models.V1SelfSubjectRulesReview",220,26,25,1158,29,4,1,13,12,0.78,1,0,0
"io.kubernetes.client.openapi.models.V1SubjectAccessReview",220,26,25,1158,29,4,1,13,12,0.78,1,0,0
"io.kubernetes.client.openapi.models.V1TokenReview",220,26,25,1158,29,4,1,13,12,0.78,1,0,0
"io.kubernetes.client.openapi.models.V1VolumeAttachment",220,26,25,1158,29,4,2,13,12,0.78,1,0,0
"io.kubernetes.client.openapi.models.V1ValidationRule",219,26,25,1161,26,1,1,9,12,0.78,1,0,0
"io.kubernetes.client.openapi.models.V1APIServiceCondition",218,26,25,1156,27,1,1,9,12,0.78,1,0,0
"io.kubernetes.client.openapi.models.V1CustomResourceDefinitionCondition",218,26,25,1156,27,1,1,9,12,0.78,1,0,0
"io.kubernetes.client.openapi.models.V1DaemonSetCondition",218,26,25,1156,27,1,1,9,12,0.78,1,0,0
"io.kubernetes.client.openapi.models.V1NamespaceCondition",218,26,25,1156,27,1,1,9,12,0.78,1,0,0
"io.kubernetes.client.openapi.models.V1ReplicaSetCondition",218,26,25,1156,27,1,1,9,12,0.78,1,0,0
"io.kubernetes.client.openapi.models.V1ReplicationControllerCondition",218,26,25,1156,27,1,1,9,12,0.78,1,0,0
"io.kubernetes.client.openapi.models.V1StatefulSetCondition",218,26,25,1156,27,1,1,9,12,0.78,1,0,0
"io.kubernetes.client.openapi.models.V2HorizontalPodAutoscalerCondition",218,26,25,1156,27,1,1,9,12,0.78,1,0,0
"io.kubernetes.client.openapi.models.V1alpha1StorageVersion",217,26,25,1156,28,3,2,12,12,0.78,1,0,0
"io.kubernetes.client.openapi.models.V1alpha1ValidatingAdmissionPolicy",216,26,25,1158,29,4,2,13,12,0.78,1,0,0
"io.kubernetes.client.openapi.models.V1APIService",216,26,25,1158,29,4,2,13,12,0.78,1,0,0
"io.kubernetes.client.openapi.models.V1beta1ValidatingAdmissionPolicy",216,26,25,1158,29,4,2,13,12,0.78,1,0,0
"io.kubernetes.client.openapi.models.V1beta2FlowSchema",216,26,25,1158,29,4,2,13,12,0.78,1,0,0
"io.kubernetes.client.openapi.models.V1beta2PriorityLevelConfiguration",216,26,25,1158,29,4,2,13,12,0.78,1,0,0
"io.kubernetes.client.openapi.models.V1beta3FlowSchema",216,26,25,1158,29,4,2,13,12,0.78,1,0,0
"io.kubernetes.client.openapi.models.V1beta3PriorityLevelConfiguration",216,26,25,1158,29,4,2,13,12,0.78,1,0,0
"io.kubernetes.client.openapi.models.V1CronJob",216,26,25,1158,29,4,2,13,12,0.78,1,0,0
"io.kubernetes.client.openapi.models.V1DaemonSet",216,26,25,1158,29,4,2,13,12,0.78,1,0,0
"io.kubernetes.client.openapi.models.V1Deployment",216,26,25,1158,29,4,2,13,12,0.78,1,0,0
"io.kubernetes.client.openapi.models.V1HorizontalPodAutoscaler",216,26,25,1158,29,4,2,13,12,0.78,1,0,0
"io.kubernetes.client.openapi.models.V1Ingress",216,26,25,1158,29,4,2,13,12,0.78,1,0,0
"io.kubernetes.client.openapi.models.V1Job",216,26,25,1158,29,4,2,13,12,0.78,1,0,0
"io.kubernetes.client.openapi.models.V1Namespace",216,26,25,1158,29,4,2,13,12,0.78,1,0,0
"io.kubernetes.client.openapi.models.V1Node",216,26,25,1158,29,4,2,13,12,0.78,1,0,0
"io.kubernetes.client.openapi.models.V1PersistentVolume",216,26,25,1158,29,4,2,13,12,0.78,1,0,0
"io.kubernetes.client.openapi.models.V1PersistentVolumeClaim",216,26,25,1158,29,4,3,13,12,0.78,1,0,0
"io.kubernetes.client.openapi.models.V1Pod",216,26,25,1158,29,4,2,13,12,0.78,1,0,0
"io.kubernetes.client.openapi.models.V1PodDisruptionBudget",216,26,25,1158,29,4,2,13,12,0.78,1,0,0
"io.kubernetes.client.openapi.models.V1ReplicaSet",216,26,25,1158,29,4,2,13,12,0.78,1,0,0
"io.kubernetes.client.openapi.models.V1ReplicationController",216,26,25,1158,29,4,2,13,12,0.78,1,0,0
"io.kubernetes.client.openapi.models.V1ResourceQuota",216,26,25,1158,29,4,2,13,12,0.78,1,0,0
"io.kubernetes.client.openapi.models.V1Scale",216,26,25,1158,29,4,2,13,12,0.78,1,0,0
"io.kubernetes.client.openapi.models.V1Service",216,26,25,1158,29,4,2,13,12,0.78,1,0,0
"io.kubernetes.client.openapi.models.V1StatefulSet",216,26,25,1158,29,4,2,13,12,0.78,1,0,0
"io.kubernetes.client.openapi.models.V2HorizontalPodAutoscaler",216,26,25,1158,29,4,2,13,12,0.78,1,0,0
"io.kubernetes.client.openapi.models.V1ControllerRevision",214,26,25,1156,27,2,2,11,12,0.78,1,0,0
"io.kubernetes.client.openapi.models.CoreV1EventList",214,24,23,1157,29,3,1,12,10,0.8043478260869565,1,0,0
"io.kubernetes.client.openapi.models.EventsV1EventList",214,24,23,1157,29,3,1,12,10,0.8043478260869565,1,0,0
"io.kubernetes.client.openapi.models.V1alpha1ClusterCIDRList",214,24,23,1157,29,3,1,12,10,0.8043478260869565,1,0,0
"io.kubernetes.client.openapi.models.V1alpha1ClusterTrustBundleList",214,24,23,1157,29,3,1,12,10,0.8043478260869565,1,0,0
"io.kubernetes.client.openapi.models.V1alpha1IPAddressList",214,24,23,1157,29,3,1,12,10,0.8043478260869565,1,0,0
"io.kubernetes.client.openapi.models.V1alpha1StorageVersionList",214,24,23,1157,29,3,1,12,10,0.8043478260869565,1,0,0
"io.kubernetes.client.openapi.models.V1alpha2PodSchedulingContextList",214,24,23,1157,29,3,1,12,10,0.8043478260869565,1,0,0
"io.kubernetes.client.openapi.models.V1alpha2ResourceClaimList",214,24,23,1157,29,3,1,12,10,0.8043478260869565,1,0,0
"io.kubernetes.client.openapi.models.V1alpha2ResourceClaimTemplateList",214,24,23,1157,29,3,1,12,10,0.8043478260869565,1,0,0
"io.kubernetes.client.openapi.models.V1alpha2ResourceClassList",214,24,23,1157,29,3,1,12,10,0.8043478260869565,1,0,0
"io.kubernetes.client.openapi.models.V1APIResourceList",214,24,23,1156,28,2,31,10,10,0.8043478260869565,1,0,0
"io.kubernetes.client.openapi.models.V1APIServiceList",214,24,23,1157,29,3,1,12,10,0.8043478260869565,1,0,0
"io.kubernetes.client.openapi.models.V1beta2FlowSchemaList",214,24,23,1157,29,3,1,12,10,0.8043478260869565,1,0,0
"io.kubernetes.client.openapi.models.V1beta2FlowSchemaSpec",214,24,23,1154,30,4,1,12,10,0.8043478260869565,1,0,0
"io.kubernetes.client.openapi.models.V1beta2PriorityLevelConfigurationList",214,24,23,1157,29,3,1,12,10,0.8043478260869565,1,0,0
"io.kubernetes.client.openapi.models.V1beta3FlowSchemaList",214,24,23,1157,29,3,1,12,10,0.8043478260869565,1,0,0
"io.kubernetes.client.openapi.models.V1beta3FlowSchemaSpec",214,24,23,1154,30,4,1,12,10,0.8043478260869565,1,0,0
"io.kubernetes.client.openapi.models.V1beta3PriorityLevelConfigurationList",214,24,23,1157,29,3,1,12,10,0.8043478260869565,1,0,0
"io.kubernetes.client.openapi.models.V1CertificateSigningRequestList",214,24,23,1157,29,3,1,12,10,0.8043478260869565,1,0,0
"io.kubernetes.client.openapi.models.V1ClusterRoleBindingList",214,24,23,1157,29,3,1,12,10,0.8043478260869565,1,0,0
"io.kubernetes.client.openapi.models.V1ClusterRoleList",214,24,23,1157,29,3,1,12,10,0.8043478260869565,1,0,0
"io.kubernetes.client.openapi.models.V1ComponentStatusList",214,24,23,1157,29,3,1,12,10,0.8043478260869565,1,0,0
"io.kubernetes.client.openapi.models.V1ConfigMapList",214,24,23,1157,29,3,1,12,10,0.8043478260869565,1,0,0
"io.kubernetes.client.openapi.models.V1ControllerRevisionList",214,24,23,1157,29,3,1,12,10,0.8043478260869565,1,0,0
"io.kubernetes.client.openapi.models.V1CronJobList",214,24,23,1157,29,3,1,12,10,0.8043478260869565,1,0,0
"io.kubernetes.client.openapi.models.V1CSIDriverList",214,24,23,1157,29,3,1,12,10,0.8043478260869565,1,0,0
"io.kubernetes.client.openapi.models.V1CSINodeList",214,24,23,1157,29,3,1,12,10,0.8043478260869565,1,0,0
"io.kubernetes.client.openapi.models.V1CSIStorageCapacityList",214,24,23,1157,29,3,1,12,10,0.8043478260869565,1,0,0
"io.kubernetes.client.openapi.models.V1CustomResourceDefinitionList",214,24,23,1157,29,3,1,12,10,0.8043478260869565,1,0,0
"io.kubernetes.client.openapi.models.V1DaemonSetList",214,24,23,1157,29,3,1,12,10,0.8043478260869565,1,0,0
"io.kubernetes.client.openapi.models.V1DeploymentList",214,24,23,1157,29,3,1,12,10,0.8043478260869565,1,0,0
"io.kubernetes.client.openapi.models.V1EndpointSliceList",214,24,23,1157,29,3,1,12,10,0.8043478260869565,1,0,0
"io.kubernetes.client.openapi.models.V1EndpointsList",214,24,23,1157,29,3,1,12,10,0.8043478260869565,1,0,0
"io.kubernetes.client.openapi.models.V1HorizontalPodAutoscalerList",214,24,23,1157,29,3,1,12,10,0.8043478260869565,1,0,0
"io.kubernetes.client.openapi.models.V1IngressClassList",214,24,23,1157,29,3,1,12,10,0.8043478260869565,1,0,0
"io.kubernetes.client.openapi.models.V1IngressList",214,24,23,1157,29,3,1,12,10,0.8043478260869565,1,0,0
"io.kubernetes.client.openapi.models.V1JobList",214,24,23,1157,29,3,1,12,10,0.8043478260869565,1,0,0
"io.kubernetes.client.openapi.models.V1LeaseList",214,24,23,1157,29,3,1,12,10,0.8043478260869565,1,0,0
"io.kubernetes.client.openapi.models.V1LimitRangeList",214,24,23,1157,29,3,1,12,10,0.8043478260869565,1,0,0
"io.kubernetes.client.openapi.models.V1MutatingWebhookConfigurationList",214,24,23,1157,29,3,1,12,10,0.8043478260869565,1,0,0
"io.kubernetes.client.openapi.models.V1NamespaceList",214,24,23,1157,29,3,1,12,10,0.8043478260869565,1,0,0
"io.kubernetes.client.openapi.models.V1NetworkPolicyList",214,24,23,1157,29,3,1,12,10,0.8043478260869565,1,0,0
"io.kubernetes.client.openapi.models.V1NodeList",214,24,23,1157,29,3,1,12,10,0.8043478260869565,1,0,0
"io.kubernetes.client.openapi.models.V1PersistentVolumeClaimList",214,24,23,1157,29,3,1,12,10,0.8043478260869565,1,0,0
"io.kubernetes.client.openapi.models.V1PersistentVolumeList",214,24,23,1157,29,3,1,12,10,0.8043478260869565,1,0,0
"io.kubernetes.client.openapi.models.V1PodDisruptionBudgetList",214,24,23,1157,29,3,1,12,10,0.8043478260869565,1,0,0
"io.kubernetes.client.openapi.models.V1PodList",214,24,23,1157,29,3,1,12,10,0.8043478260869565,1,0,0
"io.kubernetes.client.openapi.models.V1PodTemplateList",214,24,23,1157,29,3,1,12,10,0.8043478260869565,1,0,0
"io.kubernetes.client.openapi.models.V1PriorityClassList",214,24,23,1157,29,3,1,12,10,0.8043478260869565,1,0,0
"io.kubernetes.client.openapi.models.V1ReplicaSetList",214,24,23,1157,29,3,1,12,10,0.8043478260869565,1,0,0
"io.kubernetes.client.openapi.models.V1ReplicationControllerList",214,24,23,1157,29,3,1,12,10,0.8043478260869565,1,0,0
"io.kubernetes.client.openapi.models.V1ResourceQuotaList",214,24,23,1157,29,3,1,12,10,0.8043478260869565,1,0,0
"io.kubernetes.client.openapi.models.V1RoleBindingList",214,24,23,1157,29,3,1,12,10,0.8043478260869565,1,0,0
"io.kubernetes.client.openapi.models.V1RoleList",214,24,23,1157,29,3,1,12,10,0.8043478260869565,1,0,0
"io.kubernetes.client.openapi.models.V1RuntimeClassList",214,24,23,1157,29,3,1,12,10,0.8043478260869565,1,0,0
"io.kubernetes.client.openapi.models.V1SecretList",214,24,23,1157,29,3,1,12,10,0.8043478260869565,1,0,0
"io.kubernetes.client.openapi.models.V1ServiceAccountList",214,24,23,1157,29,3,1,12,10,0.8043478260869565,1,0,0
"io.kubernetes.client.openapi.models.V1ServiceList",214,24,23,1157,29,3,1,12,10,0.8043478260869565,1,0,0
"io.kubernetes.client.openapi.models.V1StatefulSetList",214,24,23,1157,29,3,1,12,10,0.8043478260869565,1,0,0
"io.kubernetes.client.openapi.models.V1StorageClassList",214,24,23,1157,29,3,1,12,10,0.8043478260869565,1,0,0
"io.kubernetes.client.openapi.models.V1ValidatingWebhookConfigurationList",214,24,23,1157,29,3,1,12,10,0.8043478260869565,1,0,0
"io.kubernetes.client.openapi.models.V1VolumeAttachmentList",214,24,23,1157,29,3,1,12,10,0.8043478260869565,1,0,0
"io.kubernetes.client.openapi.models.V2HorizontalPodAutoscalerList",214,24,23,1157,29,3,1,12,10,0.8043478260869565,1,0,0
"io.kubernetes.client.openapi.models.V1alpha1ParentReference",213,26,25,1161,26,1,1,9,12,0.78,1,0,0
"io.kubernetes.client.openapi.models.V1ContainerPort",213,26,25,1157,26,1,2,9,12,0.78,1,0,0
"io.kubernetes.client.openapi.models.V1DaemonSetSpec",213,26,25,1150,29,4,1,12,12,0.78,1,0,0
"io.kubernetes.client.openapi.models.V1alpha1ValidatingAdmissionPolicyBindingList",212,24,23,1158,29,3,1,12,10,0.8043478260869565,1,0,0
"io.kubernetes.client.openapi.models.V1alpha1ValidatingAdmissionPolicyList",212,24,23,1158,29,3,1,12,10,0.8043478260869565,1,0,0
"io.kubernetes.client.openapi.models.V1beta1ValidatingAdmissionPolicyBindingList",212,24,23,1158,29,3,1,12,10,0.8043478260869565,1,0,0
"io.kubernetes.client.openapi.models.V1beta1ValidatingAdmissionPolicyList",212,24,23,1158,29,3,1,12,10,0.8043478260869565,1,0,0
"io.kubernetes.client.openapi.models.V1ComponentStatus",212,24,23,1158,29,3,2,12,10,0.8043478260869565,1,0,0
"io.kubernetes.client.openapi.models.V1Endpoints",212,24,23,1158,29,3,2,12,10,0.8043478260869565,1,0,0
"io.kubernetes.client.openapi.models.V1MutatingWebhookConfiguration",212,24,23,1158,29,3,2,12,10,0.8043478260869565,1,0,0
"io.kubernetes.client.openapi.models.V1Role",212,24,23,1158,29,3,2,12,10,0.8043478260869565,1,0,0
"io.kubernetes.client.openapi.models.V1ValidatingWebhookConfiguration",212,24,23,1158,29,3,2,12,10,0.8043478260869565,1,0,0
"io.kubernetes.client.openapi.models.V1beta2FlowSchemaCondition",211,26,25,1158,27,1,1,9,12,0.78,1,0,0
"io.kubernetes.client.openapi.models.V1beta2PriorityLevelConfigurationCondition",211,26,25,1158,27,1,1,9,12,0.78,1,0,0
"io.kubernetes.client.openapi.models.V1beta3FlowSchemaCondition",211,26,25,1158,27,1,1,9,12,0.78,1,0,0
"io.kubernetes.client.openapi.models.V1beta3PriorityLevelConfigurationCondition",211,26,25,1158,27,1,1,9,12,0.78,1,0,0
"io.kubernetes.client.openapi.models.V1StorageOSPersistentVolumeSource",211,26,25,1157,27,2,1,10,12,0.78,1,0,0
"io.kubernetes.client.openapi.models.V1StorageOSVolumeSource",211,26,25,1157,27,2,1,10,12,0.78,1,0,0
"io.kubernetes.client.openapi.models.V1Toleration",210,26,25,1158,26,1,2,9,12,0.78,1,0,0
"io.kubernetes.client.openapi.models.V1CSINodeDriver",210,24,23,1153,28,2,1,11,10,0.8043478260869565,1,0,0
"io.kubernetes.client.openapi.models.V1alpha1ServerStorageVersion",209,25,24,1157,27,1,1,10,10,0.8125,1,0,0
"io.kubernetes.client.openapi.models.V1alpha2ResourceClaimStatus",209,24,23,1155,29,3,1,11,10,0.8043478260869565,1,0,0
"io.kubernetes.client.openapi.models.V1PodAffinityTerm",209,24,23,1154,28,2,3,11,10,0.8043478260869565,1,0,0
"io.kubernetes.client.openapi.models.V1UserInfo",208,25,24,1155,27,1,4,11,10,0.8541666666666666,1,0,0
"io.kubernetes.client.openapi.models.V1alpha1StorageVersionStatus",207,22,21,1157,29,3,1,11,8,0.8333333333333334,1,0,0
"io.kubernetes.client.openapi.models.V1HorizontalPodAutoscalerStatus",206,26,25,1148,27,1,1,9,12,0.78,1,0,0
"io.kubernetes.client.openapi.models.V1ConfigMapVolumeSource",205,24,23,1153,28,2,1,10,10,0.8043478260869565,1,0,0
"io.kubernetes.client.openapi.models.V1SecretVolumeSource",205,24,23,1153,28,2,1,10,10,0.8043478260869565,1,0,0
"io.kubernetes.client.openapi.models.V1PodDNSConfig",205,23,22,1155,28,2,1,11,8,0.8409090909090909,1,0,0
"io.kubernetes.client.openapi.models.V1alpha1ValidatingAdmissionPolicyBindingSpec",204,24,23,1154,29,3,1,12,10,0.8043478260869565,1,0,0
"io.kubernetes.client.openapi.models.V1beta1ValidatingAdmissionPolicyBindingSpec",204,24,23,1154,29,3,1,12,10,0.8043478260869565,1,0,0
"io.kubernetes.client.openapi.models.V1VolumeAttachmentStatus",203,24,23,1151,27,2,1,11,10,0.8304347826086957,1,0,0
"io.kubernetes.client.openapi.models.V1LeaseSpec",202,26,25,1149,27,1,1,9,12,0.78,1,0,0
"io.kubernetes.client.openapi.models.V1beta2Subject",202,23,22,1152,29,4,1,12,10,0.7954545454545454,1,0,0
"io.kubernetes.client.openapi.models.V1beta3Subject",202,23,22,1152,29,4,1,12,10,0.7954545454545454,1,0,0
"io.kubernetes.client.openapi.models.V1ResourceRequirements",202,23,22,1151,29,3,4,11,8,0.8920454545454546,1,0,0
"io.kubernetes.client.openapi.models.V1alpha2ResourceClaimConsumerReference",201,23,22,1151,26,1,1,9,10,0.7954545454545454,1,0,0
"io.kubernetes.client.openapi.models.V1TokenReviewStatus",200,24,23,1152,28,2,1,11,10,0.8043478260869565,1,0,0
"io.kubernetes.client.openapi.models.V1alpha2ResourceClassParametersReference",200,23,22,1153,26,1,1,9,10,0.7954545454545454,1,0,0
"io.kubernetes.client.openapi.models.V1ComponentCondition",200,23,22,1153,26,1,1,9,10,0.7954545454545454,1,0,0
"io.kubernetes.client.openapi.models.V1EndpointAddress",200,23,22,1154,27,2,1,10,10,0.7954545454545454,1,0,0
"io.kubernetes.client.openapi.models.V1Subject",200,23,22,1153,26,1,2,9,10,0.7954545454545454,1,0,0
"io.kubernetes.client.openapi.models.V1TypedObjectReference",200,23,22,1153,26,1,1,9,10,0.7954545454545454,1,0,0
"io.kubernetes.client.openapi.models.V1alpha1ClusterTrustBundle",199,23,22,1153,28,3,2,12,10,0.7954545454545454,1,0,0
"io.kubernetes.client.openapi.models.V1alpha1Validation",199,23,22,1155,26,1,1,9,10,0.7954545454545454,1,0,0
"io.kubernetes.client.openapi.models.V1alpha2ResourceClaimTemplate",199,23,22,1153,28,3,2,12,10,0.7954545454545454,1,0,0
"io.kubernetes.client.openapi.models.V1beta1Validation",199,23,22,1155,26,1,1,9,10,0.7954545454545454,1,0,0
"io.kubernetes.client.openapi.models.V1Binding",199,23,22,1153,28,3,1,12,10,0.7954545454545454,1,0,0
"io.kubernetes.client.openapi.models.V1CSIDriver",199,23,22,1153,28,3,2,12,10,0.7954545454545454,1,0,0
"io.kubernetes.client.openapi.models.V1CSINode",199,23,22,1153,28,3,2,12,10,0.7954545454545454,1,0,0
"io.kubernetes.client.openapi.models.V1VsphereVirtualDiskVolumeSource",199,23,22,1155,26,1,2,9,10,0.7954545454545454,1,0,0
"io.kubernetes.client.openapi.models.V1CustomResourceDefinitionStatus",199,22,21,1153,29,3,1,12,8,0.8333333333333334,1,0,0
"io.kubernetes.client.openapi.models.V1DownwardAPIVolumeFile",198,23,22,1150,28,3,2,11,10,0.7954545454545454,1,0,0
"io.kubernetes.client.openapi.models.V1Taint",198,23,22,1150,27,1,1,9,10,0.7954545454545454,1,0,0
"io.kubernetes.client.openapi.models.V1PodFailurePolicyRule",198,21,20,1152,29,3,1,11,8,0.825,1,0,0
"io.kubernetes.client.openapi.models.AdmissionregistrationV1ServiceReference",197,23,22,1150,26,1,1,9,10,0.7954545454545454,1,0,0
"io.kubernetes.client.openapi.models.ApiextensionsV1ServiceReference",197,23,22,1150,26,1,1,9,10,0.7954545454545454,1,0,0
"io.kubernetes.client.openapi.models.V1alpha1ClusterCIDRSpec",197,23,22,1153,27,2,1,10,10,0.7954545454545454,1,0,0
"io.kubernetes.client.openapi.models.V1AzureFilePersistentVolumeSource",197,23,22,1150,26,1,1,9,10,0.7954545454545454,1,0,0
"io.kubernetes.client.openapi.models.V1CinderPersistentVolumeSource",197,23,22,1151,27,2,1,10,10,0.7954545454545454,1,0,0
"io.kubernetes.client.openapi.models.V1CinderVolumeSource",197,23,22,1151,27,2,1,10,10,0.7954545454545454,1,0,0
"io.kubernetes.client.openapi.models.V1EnvVarSource",197,23,22,1151,30,5,1,13,10,0.7954545454545454,1,0,0
"io.kubernetes.client.openapi.models.V1GlusterfsPersistentVolumeSource",197,23,22,1150,26,1,1,9,10,0.7954545454545454,1,0,0
"io.kubernetes.client.openapi.models.V1VolumeProjection",197,23,22,1151,30,5,1,13,10,0.7954545454545454,1,0,0
"io.kubernetes.client.openapi.models.V2MetricTarget",197,23,22,1152,27,2,5,10,10,0.7954545454545454,1,0,0
"io.kubernetes.client.openapi.models.CoreV1EndpointPort",196,23,22,1154,26,1,1,9,10,0.7954545454545454,1,0,0
"io.kubernetes.client.openapi.models.V1alpha1ClusterCIDR",195,23,22,1153,28,3,2,12,10,0.7954545454545454,1,0,0
"io.kubernetes.client.openapi.models.V1alpha1IPAddress",195,23,22,1153,28,3,2,12,10,0.7954545454545454,1,0,0
"io.kubernetes.client.openapi.models.V1alpha1SelfSubjectReview",195,23,22,1153,28,3,1,12,10,0.7954545454545454,1,0,0
"io.kubernetes.client.openapi.models.V1alpha1ValidatingAdmissionPolicyBinding",195,23,22,1153,28,3,2,12,10,0.7954545454545454,1,0,0
"io.kubernetes.client.openapi.models.V1beta1SelfSubjectReview",195,23,22,1153,28,3,1,12,10,0.7954545454545454,1,0,0
"io.kubernetes.client.openapi.models.V1beta1ValidatingAdmissionPolicyBinding",195,23,22,1153,28,3,2,12,10,0.7954545454545454,1,0,0
"io.kubernetes.client.openapi.models.V1Eviction",195,23,22,1153,28,3,1,12,10,0.7954545454545454,1,0,0
"io.kubernetes.client.openapi.models.V1IngressClass",195,23,22,1153,28,3,2,12,10,0.7954545454545454,1,0,0
"io.kubernetes.client.openapi.models.V1Lease",195,23,22,1153,28,3,2,12,10,0.7954545454545454,1,0,0
"io.kubernetes.client.openapi.models.V1LimitRange",195,23,22,1153,28,3,2,12,10,0.7954545454545454,1,0,0
"io.kubernetes.client.openapi.models.V1NetworkPolicy",195,23,22,1153,28,3,2,12,10,0.7954545454545454,1,0,0
"io.kubernetes.client.openapi.models.V1PodDisruptionBudgetSpec",195,23,22,1154,28,3,1,11,10,0.7954545454545454,1,0,0
"io.kubernetes.client.openapi.models.V1PodTemplate",195,23,22,1153,28,3,2,12,10,0.7954545454545454,1,0,0
"io.kubernetes.client.openapi.models.V1SelfSubjectReview",195,23,22,1153,28,3,1,12,10,0.7954545454545454,1,0,0
"io.kubernetes.client.openapi.models.V1ReplicationControllerSpec",194,24,23,1147,27,2,1,11,10,0.8478260869565217,1,0,0
"io.kubernetes.client.openapi.models.V1alpha1ParamRef",194,23,22,1154,27,2,1,10,10,0.7954545454545454,1,0,0
"io.kubernetes.client.openapi.models.V1beta1ParamRef",194,23,22,1154,27,2,1,10,10,0.7954545454545454,1,0,0
"io.kubernetes.client.openapi.models.V1NodeConfigStatus",194,23,22,1152,27,2,1,10,10,0.7954545454545454,1,0,0
"io.kubernetes.client.openapi.models.V1AWSElasticBlockStoreVolumeSource",193,23,22,1149,26,1,2,9,10,0.7954545454545454,1,0,0
"io.kubernetes.client.openapi.models.V1BoundObjectReference",193,23,22,1155,26,1,1,9,10,0.7954545454545454,1,0,0
"io.kubernetes.client.openapi.models.V1GCEPersistentDiskVolumeSource",193,23,22,1149,26,1,2,9,10,0.7954545454545454,1,0,0
"io.kubernetes.client.openapi.models.V1ReplicaSetSpec",193,23,22,1147,28,3,1,11,10,0.7954545454545454,1,0,0
"io.kubernetes.client.openapi.models.V1SELinuxOptions",193,23,22,1155,26,1,2,9,10,0.7954545454545454,1,0,0
"io.kubernetes.client.openapi.models.V1SubjectAccessReviewStatus",193,23,22,1151,26,1,3,9,10,0.7954545454545454,1,0,0
"io.kubernetes.client.openapi.models.V1APIGroupList",193,21,20,1152,28,2,1,10,8,0.825,1,0,0
"io.kubernetes.client.openapi.models.V1PersistentVolumeStatus",191,23,22,1152,27,1,1,9,10,0.7954545454545454,1,0,0
"io.kubernetes.client.openapi.models.V1IngressLoadBalancerIngress",191,21,20,1153,28,2,1,10,8,0.825,1,0,0
"io.kubernetes.client.openapi.models.V1LoadBalancerIngress",191,21,20,1153,28,2,1,10,8,0.825,1,0,0
"io.kubernetes.client.openapi.models.V1PodFailurePolicyOnExitCodesRequirement",191,21,20,1150,27,1,1,10,8,0.83125,1,0,0
"io.kubernetes.client.openapi.models.DiscoveryV1EndpointPort",190,23,22,1152,26,1,1,9,10,0.7954545454545454,1,0,0
"io.kubernetes.client.openapi.models.V1HorizontalPodAutoscalerSpec",190,23,22,1145,27,2,1,10,10,0.7954545454545454,1,0,0
"io.kubernetes.client.openapi.models.V1WindowsSecurityContextOptions",190,23,22,1152,26,1,2,9,10,0.7954545454545454,1,0,0
"io.kubernetes.client.openapi.models.V1ResourceQuotaSpec",190,22,21,1148,29,3,1,12,8,0.8690476190476191,1,0,0
"io.kubernetes.client.openapi.models.V1ListMeta",189,23,22,1152,26,1,69,9,10,0.7954545454545454,1,0,0
"io.kubernetes.client.openapi.models.V1alpha1ValidatingAdmissionPolicyStatus",189,21,20,1149,29,3,1,11,8,0.825,1,0,0
"io.kubernetes.client.openapi.models.V1alpha2AllocationResult",189,21,20,1149,29,3,1,11,8,0.825,1,0,0
"io.kubernetes.client.openapi.models.V1beta1ValidatingAdmissionPolicyStatus",189,21,20,1149,29,3,1,11,8,0.825,1,0,0
"io.kubernetes.client.openapi.models.V1LabelSelectorRequirement",189,21,20,1148,27,1,1,10,8,0.825,1,0,0
"io.kubernetes.client.openapi.models.V1NodeSelectorRequirement",189,21,20,1148,27,1,1,10,8,0.825,1,0,0
"io.kubernetes.client.openapi.models.V1ScopedResourceSelectorRequirement",189,21,20,1148,27,1,1,10,8,0.825,1,0,0
"io.kubernetes.client.openapi.models.V1ConfigMapProjection",188,21,20,1150,28,2,1,10,8,0.825,1,0,0
"io.kubernetes.client.openapi.models.V1SecretProjection",188,21,20,1150,28,2,1,10,8,0.825,1,0,0
"io.kubernetes.client.openapi.models.V1TokenRequestSpec",188,21,20,1148,28,2,1,11,8,0.83125,1,0,0
"io.kubernetes.client.openapi.models.V2HPAScalingRules",188,21,20,1150,28,2,1,10,8,0.825,1,0,0
"io.kubernetes.client.openapi.models.V1NetworkPolicyEgressRule",187,19,18,1151,29,3,1,11,6,0.8611111111111112,1,0,0
"io.kubernetes.client.openapi.models.V1NetworkPolicyIngressRule",187,19,18,1151,29,3,1,11,6,0.8611111111111112,1,0,0
"io.kubernetes.client.openapi.models.V1PodAffinity",187,19,18,1151,29,3,1,11,6,0.8611111111111112,1,0,0
"io.kubernetes.client.openapi.models.V1PodAntiAffinity",187,19,18,1151,29,3,1,11,6,0.8611111111111112,1,0,0
"io.kubernetes.client.openapi.models.V1CronJobStatus",186,21,20,1147,29,2,1,10,8,0.825,1,0,0
"io.kubernetes.client.openapi.models.V1NodeSelectorTerm",186,19,18,1151,28,2,2,10,6,0.8611111111111112,1,0,0
"io.kubernetes.client.openapi.models.V1beta2LimitedPriorityLevelConfiguration",185,23,22,1145,27,2,1,10,10,0.7954545454545454,1,0,0
"io.kubernetes.client.openapi.models.V1beta3LimitedPriorityLevelConfiguration",185,23,22,1145,27,2,1,10,10,0.7954545454545454,1,0,0
"io.kubernetes.client.openapi.models.V1beta2PriorityLevelConfigurationSpec",181,20,19,1147,28,3,1,11,8,0.8157894736842105,1,0,0
"io.kubernetes.client.openapi.models.V1beta3PriorityLevelConfigurationSpec",181,20,19,1147,28,3,1,11,8,0.8157894736842105,1,0,0
"io.kubernetes.client.openapi.models.V1RoleRef",181,20,19,1145,26,1,2,9,8,0.8157894736842105,1,0,0
"io.kubernetes.client.openapi.apis.LogsApi",180,28,18,37,16,8,0,11,4,0.9444444444444444,1,0,0
"io.kubernetes.client.openapi.models.V1alpha2ResourceClaimParametersReference",180,20,19,1147,26,1,1,9,8,0.8157894736842105,1,0,0
"io.kubernetes.client.openapi.models.V1alpha2ResourceClaimSpec",180,20,19,1148,27,2,2,10,8,0.8157894736842105,1,0,0
"io.kubernetes.client.openapi.models.V1CrossVersionObjectReference",180,20,19,1147,26,1,1,9,8,0.8157894736842105,1,0,0
"io.kubernetes.client.openapi.models.V1CustomResourceSubresourceScale",180,20,19,1147,26,1,1,9,8,0.8157894736842105,1,0,0
"io.kubernetes.client.openapi.models.V1EnvVar",180,20,19,1148,27,2,2,10,8,0.8157894736842105,1,0,0
"io.kubernetes.client.openapi.models.V1ResourceFieldSelector",180,20,19,1149,27,2,2,10,8,0.8157894736842105,1,0,0
"io.kubernetes.client.openapi.models.V1TypedLocalObjectReference",180,20,19,1147,26,1,2,9,8,0.8157894736842105,1,0,0
"io.kubernetes.client.openapi.models.V1VolumeAttachmentSpec",180,20,19,1144,27,2,1,10,8,0.8157894736842105,1,0,0
"io.kubernetes.client.openapi.models.V2ContainerResourceMetricSource",180,20,19,1144,27,2,1,10,8,0.8157894736842105,1,0,0
"io.kubernetes.client.openapi.models.V2ContainerResourceMetricStatus",180,20,19,1144,27,2,1,10,8,0.8157894736842105,1,0,0
"io.kubernetes.client.openapi.models.V2CrossVersionObjectReference",180,20,19,1147,26,1,3,9,8,0.8157894736842105,1,0,0
"io.kubernetes.client.openapi.models.V1beta2NonResourcePolicyRule",180,19,18,1147,27,1,1,10,6,0.9629629629629629,1,0,0
"io.kubernetes.client.openapi.models.V1beta3NonResourcePolicyRule",180,19,18,1147,27,1,1,10,6,0.9629629629629629,1,0,0
"io.kubernetes.client.openapi.models.V1GitRepoVolumeSource",179,20,19,1149,26,1,1,9,8,0.8157894736842105,1,0,0
"io.kubernetes.client.openapi.models.V1HTTPIngressPath",179,20,19,1146,27,2,1,10,8,0.8157894736842105,1,0,0
"io.kubernetes.client.openapi.models.V2ObjectMetricSource",178,20,19,1142,29,4,1,12,8,0.8157894736842105,1,0,0
"io.kubernetes.client.openapi.models.V2ObjectMetricStatus",178,20,19,1142,29,4,1,12,8,0.8157894736842105,1,0,0
"io.kubernetes.client.openapi.models.V1AzureFileVolumeSource",177,20,19,1144,26,1,1,9,8,0.8157894736842105,1,0,0
"io.kubernetes.client.openapi.models.V1GlusterfsVolumeSource",177,20,19,1144,26,1,1,9,8,0.8157894736842105,1,0,0
"io.kubernetes.client.openapi.models.V1IngressPortStatus",177,20,19,1146,26,1,1,9,8,0.8157894736842105,1,0,0
"io.kubernetes.client.openapi.models.V1KeyToPath",177,20,19,1144,26,1,4,9,8,0.8157894736842105,1,0,0
"io.kubernetes.client.openapi.models.V1NFSVolumeSource",177,20,19,1144,26,1,2,9,8,0.8157894736842105,1,0,0
"io.kubernetes.client.openapi.models.V1PortStatus",177,20,19,1146,26,1,1,9,8,0.8157894736842105,1,0,0
"io.kubernetes.client.openapi.models.V1LabelSelector",177,19,18,1146,28,2,20,11,6,0.9166666666666666,1,0,0
"io.kubernetes.client.openapi.models.V1NonResourceRule",177,19,18,1147,27,1,1,10,6,0.9166666666666666,1,0,0
"io.kubernetes.client.openapi.models.V1Scheduling",177,19,18,1146,28,2,1,11,6,0.8796296296296297,1,0,0
"io.kubernetes.client.openapi.models.V1Affinity",176,20,19,1146,29,4,1,12,8,0.8157894736842105,1,0,0
"io.kubernetes.client.openapi.models.V1ConfigMapKeySelector",176,20,19,1146,26,1,1,9,8,0.8157894736842105,1,0,0
"io.kubernetes.client.openapi.models.V1ContainerState",176,20,19,1146,29,4,1,12,8,0.8157894736842105,1,0,0
"io.kubernetes.client.openapi.models.V1LifecycleHandler",176,20,19,1146,29,4,1,12,8,0.8157894736842105,1,0,0
"io.kubernetes.client.openapi.models.V1PortworxVolumeSource",176,20,19,1146,26,1,2,9,8,0.8157894736842105,1,0,0
"io.kubernetes.client.openapi.models.V1SecretKeySelector",176,20,19,1146,26,1,1,9,8,0.8157894736842105,1,0,0
"io.kubernetes.client.openapi.models.V1ServiceAccountTokenProjection",176,20,19,1146,26,1,1,9,8,0.8157894736842105,1,0,0
"io.kubernetes.client.openapi.models.V1EnvFromSource",175,20,19,1147,28,3,2,11,8,0.8157894736842105,1,0,0
"io.kubernetes.client.openapi.models.V1NetworkPolicyPeer",175,20,19,1146,28,3,2,11,8,0.8157894736842105,1,0,0
"io.kubernetes.client.openapi.models.V2HPAScalingPolicy",175,20,19,1143,26,1,1,9,8,0.8157894736842105,1,0,0
"io.kubernetes.client.openapi.models.V1StatusCause",173,20,19,1149,26,1,1,9,8,0.8157894736842105,1,0,0
"io.kubernetes.client.openapi.models.V1NodeAffinity",172,18,17,1146,29,3,1,11,6,0.8529411764705882,1,0,0
"io.kubernetes.client.openapi.models.V1ServiceStatus",172,18,17,1146,29,3,1,11,6,0.8529411764705882,1,0,0
"io.kubernetes.client.openapi.models.AdmissionregistrationV1WebhookClientConfig",171,20,19,1145,27,2,2,10,8,0.8157894736842105,1,0,0
"io.kubernetes.client.openapi.models.ApiextensionsV1WebhookClientConfig",171,20,19,1145,27,2,1,10,8,0.8157894736842105,1,0,0
"io.kubernetes.client.openapi.models.V1NetworkPolicyPort",171,20,19,1146,27,2,2,10,8,0.8157894736842105,1,0,0
"io.kubernetes.client.openapi.models.V2MetricValueStatus",171,20,19,1146,27,2,5,10,8,0.8157894736842105,1,0,0
"io.kubernetes.client.openapi.models.V1NamespaceStatus",171,18,17,1147,28,2,1,10,6,0.8529411764705882,1,0,0
"io.kubernetes.client.openapi.models.V1TopologySelectorLabelRequirement",171,18,17,1144,27,1,1,10,6,0.9019607843137255,1,0,0
"io.kubernetes.client.openapi.models.V1WebhookConversion",171,18,17,1145,28,2,1,11,6,0.892156862745098,1,0,0
"io.kubernetes.client.openapi.models.ApiregistrationV1ServiceReference",170,20,19,1146,26,1,1,9,8,0.8157894736842105,1,0,0
"io.kubernetes.client.openapi.models.V1Capabilities",169,19,18,1145,27,1,1,10,6,0.8611111111111112,1,0,0
"io.kubernetes.client.openapi.models.V1UncountedTerminatedPods",169,19,18,1145,27,1,1,10,6,0.8611111111111112,1,0,0
"io.kubernetes.client.openapi.models.V1CertificateSigningRequestStatus",168,18,17,1144,28,2,1,10,6,0.8529411764705882,1,0,0
"io.kubernetes.client.openapi.models.V1DownwardAPIVolumeSource",168,18,17,1144,28,2,1,10,6,0.8529411764705882,1,0,0
"io.kubernetes.client.openapi.models.V1IPBlock",168,18,17,1144,27,1,1,10,6,0.8529411764705882,1,0,0
"io.kubernetes.client.openapi.models.V1ProjectedVolumeSource",168,18,17,1144,28,2,1,10,6,0.8529411764705882,1,0,0
"io.kubernetes.client.openapi.models.V1beta2QueuingConfiguration",164,20,19,1140,26,1,1,9,8,0.8157894736842105,1,0,0
"io.kubernetes.client.openapi.models.V1beta3QueuingConfiguration",164,20,19,1140,26,1,1,9,8,0.8157894736842105,1,0,0
"io.kubernetes.client.openapi.models.V1EndpointConditions",164,20,19,1140,26,1,1,9,8,0.8157894736842105,1,0,0
"io.kubernetes.client.openapi.models.V1ResourceQuotaStatus",164,19,18,1141,27,2,1,10,6,0.925925925925926,1,0,0
"io.kubernetes.client.openapi.models.V1alpha2PodSchedulingContextSpec",162,18,17,1144,27,1,1,10,6,0.8529411764705882,1,0,0
"io.kubernetes.client.openapi.models.V1alpha2ResourceClaimSchedulingStatus",162,18,17,1144,27,1,1,10,6,0.8529411764705882,1,0,0
"io.kubernetes.client.openapi.models.V1HostAlias",162,18,17,1144,27,1,1,10,6,0.8529411764705882,1,0,0
"io.kubernetes.client.openapi.models.V1IngressTLS",162,18,17,1144,27,1,1,10,6,0.8529411764705882,1,0,0
"io.kubernetes.client.openapi.models.V1TokenReviewSpec",162,18,17,1144,27,1,1,10,6,0.8529411764705882,1,0,0
"io.kubernetes.client.openapi.models.V1alpha1AuditAnnotation",160,17,16,1141,26,1,1,9,6,0.84375,1,0,0
"io.kubernetes.client.openapi.models.V1alpha1ExpressionWarning",160,17,16,1141,26,1,1,9,6,0.84375,1,0,0
"io.kubernetes.client.openapi.models.V1alpha1MatchCondition",160,17,16,1141,26,1,1,9,6,0.84375,1,0,0
"io.kubernetes.client.openapi.models.V1alpha1Variable",160,17,16,1141,26,1,1,9,6,0.84375,1,0,0
"io.kubernetes.client.openapi.models.V1AttachedVolume",160,17,16,1141,26,1,1,9,6,0.84375,1,0,0
"io.kubernetes.client.openapi.models.V1beta1AuditAnnotation",160,17,16,1141,26,1,1,9,6,0.84375,1,0,0
"io.kubernetes.client.openapi.models.V1beta1ExpressionWarning",160,17,16,1141,26,1,1,9,6,0.84375,1,0,0
"io.kubernetes.client.openapi.models.V1beta1MatchCondition",160,17,16,1141,26,1,1,9,6,0.84375,1,0,0
"io.kubernetes.client.openapi.models.V1beta1Variable",160,17,16,1141,26,1,1,9,6,0.84375,1,0,0
"io.kubernetes.client.openapi.models.V1beta2LimitResponse",160,17,16,1142,27,2,1,10,6,0.84375,1,0,0
"io.kubernetes.client.openapi.models.V1beta2ServiceAccountSubject",160,17,16,1141,26,1,1,9,6,0.84375,1,0,0
"io.kubernetes.client.openapi.models.V1beta3LimitResponse",160,17,16,1142,27,2,1,10,6,0.84375,1,0,0
"io.kubernetes.client.openapi.models.V1beta3ServiceAccountSubject",160,17,16,1141,26,1,1,9,6,0.84375,1,0,0
"io.kubernetes.client.openapi.models.V1ContainerResizePolicy",160,17,16,1141,26,1,2,9,6,0.84375,1,0,0
"io.kubernetes.client.openapi.models.V1CustomResourceConversion",160,17,16,1142,27,2,1,10,6,0.84375,1,0,0
"io.kubernetes.client.openapi.models.V1GroupVersionForDiscovery",160,17,16,1141,26,1,1,9,6,0.84375,1,0,0
"io.kubernetes.client.openapi.models.V1HTTPHeader",160,17,16,1141,26,1,1,9,6,0.84375,1,0,0
"io.kubernetes.client.openapi.models.V1IngressServiceBackend",160,17,16,1142,27,2,1,10,6,0.84375,1,0,0
"io.kubernetes.client.openapi.models.V1MatchCondition",160,17,16,1141,26,1,2,9,6,0.84375,1,0,0
"io.kubernetes.client.openapi.models.V1NodeAddress",160,17,16,1141,26,1,1,9,6,0.84375,1,0,0
"io.kubernetes.client.openapi.models.V1PodFailurePolicyOnPodConditionsPattern",160,17,16,1141,26,1,1,9,6,0.84375,1,0,0
"io.kubernetes.client.openapi.models.V1PodResourceClaim",160,17,16,1142,27,2,1,10,6,0.84375,1,0,0
"io.kubernetes.client.openapi.models.V1ServerAddressByClientCIDR",160,17,16,1141,26,1,2,9,6,0.84375,1,0,0
"io.kubernetes.client.openapi.models.V1Sysctl",160,17,16,1141,26,1,1,9,6,0.84375,1,0,0
"io.kubernetes.client.openapi.models.V1TCPSocketAction",160,17,16,1143,27,2,2,10,6,0.84375,1,0,0
"io.kubernetes.client.openapi.models.V1VolumeDevice",160,17,16,1141,26,1,2,9,6,0.84375,1,0,0
"io.kubernetes.client.openapi.models.V2MetricIdentifier",160,17,16,1142,27,2,6,10,6,0.84375,1,0,0
"io.kubernetes.client.openapi.models.V1ContainerImage",159,18,17,1141,27,1,1,10,6,0.8529411764705882,1,0,0
"io.kubernetes.client.openapi.models.V1alpha1ClusterTrustBundleSpec",159,17,16,1143,26,1,1,9,6,0.84375,1,0,0
"io.kubernetes.client.openapi.models.V1alpha2ResourceClaimTemplateSpec",159,17,16,1141,28,3,1,11,6,0.84375,1,0,0
"io.kubernetes.client.openapi.models.V1HostPathVolumeSource",159,17,16,1143,26,1,2,9,6,0.84375,1,0,0
"io.kubernetes.client.openapi.models.V1LocalVolumeSource",159,17,16,1143,26,1,1,9,6,0.84375,1,0,0
"io.kubernetes.client.openapi.models.V1ObjectFieldSelector",159,17,16,1143,26,1,2,9,6,0.84375,1,0,0
"io.kubernetes.client.openapi.models.V1PersistentVolumeClaimTemplate",159,17,16,1141,28,3,1,11,6,0.84375,1,0,0
"io.kubernetes.client.openapi.models.V1PhotonPersistentDiskVolumeSource",159,17,16,1143,26,1,2,9,6,0.84375,1,0,0
"io.kubernetes.client.openapi.models.V1PodResourceClaimStatus",159,17,16,1143,26,1,1,9,6,0.84375,1,0,0
"io.kubernetes.client.openapi.models.V1SeccompProfile",159,17,16,1143,26,1,2,9,6,0.84375,1,0,0
"io.kubernetes.client.openapi.models.V2ResourceMetricSource",159,17,16,1140,27,2,1,10,6,0.84375,1,0,0
"io.kubernetes.client.openapi.models.V2ResourceMetricStatus",159,17,16,1140,27,2,1,10,6,0.84375,1,0,0
"io.kubernetes.client.openapi.models.V1TokenRequestStatus",158,17,16,1140,27,1,1,9,6,0.84375,1,0,0
"io.kubernetes.client.openapi.models.V2ExternalMetricSource",158,17,16,1139,28,3,1,11,6,0.84375,1,0,0
"io.kubernetes.client.openapi.models.V2ExternalMetricStatus",158,17,16,1139,28,3,1,11,6,0.84375,1,0,0
"io.kubernetes.client.openapi.models.V2PodsMetricSource",158,17,16,1139,28,3,1,11,6,0.84375,1,0,0
"io.kubernetes.client.openapi.models.V2PodsMetricStatus",158,17,16,1139,28,3,1,11,6,0.84375,1,0,0
"io.kubernetes.client.openapi.models.V1WatchEvent",157,17,16,1140,26,1,0,9,6,0.84375,1,0,0
"io.kubernetes.client.openapi.models.StorageV1TokenRequest",156,17,16,1140,26,1,1,9,6,0.84375,1,0,0
"io.kubernetes.client.openapi.models.V1GRPCAction",156,17,16,1142,26,1,1,9,6,0.84375,1,0,0
"io.kubernetes.client.openapi.models.V1PersistentVolumeClaimVolumeSource",156,17,16,1140,26,1,1,9,6,0.84375,1,0,0
"io.kubernetes.client.openapi.models.V1PreferredSchedulingTerm",156,17,16,1139,27,2,1,10,6,0.84375,1,0,0
"io.kubernetes.client.openapi.models.V1ScaleStatus",156,17,16,1142,26,1,1,9,6,0.84375,1,0,0
"io.kubernetes.client.openapi.models.V1WeightedPodAffinityTerm",156,17,16,1139,27,2,2,10,6,0.84375,1,0,0
"io.kubernetes.client.openapi.models.EventsV1EventSeries",155,17,16,1139,27,1,1,9,6,0.84375,1,0,0
"io.kubernetes.client.openapi.models.V1IngressBackend",155,17,16,1141,28,3,2,11,6,0.84375,1,0,0
"io.kubernetes.client.openapi.models.V1JobTemplateSpec",155,17,16,1141,28,3,1,11,6,0.84375,1,0,0
"io.kubernetes.client.openapi.models.V1PodTemplateSpec",155,17,16,1141,28,3,7,11,6,0.84375,1,0,0
"io.kubernetes.client.openapi.models.V1SelfSubjectAccessReviewSpec",155,17,16,1141,28,3,1,11,6,0.84375,1,0,0
"io.kubernetes.client.openapi.models.V1DaemonSetUpdateStrategy",154,17,16,1142,27,2,1,10,6,0.84375,1,0,0
"io.kubernetes.client.openapi.models.V1DeploymentStrategy",154,17,16,1142,27,2,1,10,6,0.84375,1,0,0
"io.kubernetes.client.openapi.models.V1EmptyDirVolumeSource",154,17,16,1143,27,2,1,10,6,0.84375,1,0,0
"io.kubernetes.client.openapi.models.V1IngressClassSpec",154,17,16,1142,27,2,1,10,6,0.84375,1,0,0
"io.kubernetes.client.openapi.models.V1IngressRule",154,17,16,1142,27,2,1,10,6,0.84375,1,0,0
"io.kubernetes.client.openapi.models.V1Lifecycle",154,17,16,1141,27,2,2,10,6,0.84375,1,0,0
"io.kubernetes.client.openapi.models.V1RollingUpdateDaemonSet",154,17,16,1143,27,2,1,10,6,0.84375,1,0,0
"io.kubernetes.client.openapi.models.V1RollingUpdateDeployment",154,17,16,1143,27,2,1,10,6,0.84375,1,0,0
"io.kubernetes.client.openapi.models.V1StatefulSetUpdateStrategy",154,17,16,1142,27,2,1,10,6,0.84375,1,0,0
"io.kubernetes.client.openapi.models.V1VolumeAttachmentSource",154,17,16,1142,27,2,1,10,6,0.84375,1,0,0
"io.kubernetes.client.openapi.models.V2HorizontalPodAutoscalerBehavior",154,17,16,1141,27,2,1,10,6,0.84375,1,0,0
"io.kubernetes.client.openapi.models.V1alpha1ParamKind",153,17,16,1143,26,1,1,9,6,0.84375,1,0,0
"io.kubernetes.client.openapi.models.V1alpha2ResourceHandle",153,17,16,1143,26,1,1,9,6,0.84375,1,0,0
"io.kubernetes.client.openapi.models.V1beta1ParamKind",153,17,16,1143,26,1,1,9,6,0.84375,1,0,0
"io.kubernetes.client.openapi.models.V1ClaimSource",153,17,16,1143,26,1,1,9,6,0.84375,1,0,0
"io.kubernetes.client.openapi.models.V1ContainerStateWaiting",153,17,16,1143,26,1,1,9,6,0.84375,1,0,0
"io.kubernetes.client.openapi.models.V1EventSource",153,17,16,1143,26,1,2,9,6,0.84375,1,0,0
"io.kubernetes.client.openapi.models.V1ExternalDocumentation",153,17,16,1143,26,1,1,9,6,0.84375,1,0,0
"io.kubernetes.client.openapi.models.V1FlockerVolumeSource",153,17,16,1143,26,1,2,9,6,0.84375,1,0,0
"io.kubernetes.client.openapi.models.V1NonResourceAttributes",153,17,16,1143,26,1,2,9,6,0.84375,1,0,0
"io.kubernetes.client.openapi.models.V1PodDNSConfigOption",153,17,16,1143,26,1,1,9,6,0.84375,1,0,0
"io.kubernetes.client.openapi.models.V1Preconditions",153,17,16,1143,26,1,1,9,6,0.84375,1,0,0
"io.kubernetes.client.openapi.models.V1SecretReference",153,17,16,1143,26,1,7,9,6,0.84375,1,0,0
"io.kubernetes.client.openapi.models.V1StatefulSetPersistentVolumeClaimRetentionPolicy",153,17,16,1143,26,1,1,9,6,0.84375,1,0,0
"io.kubernetes.client.openapi.models.V1CSINodeSpec",153,15,14,1140,28,2,1,10,4,0.8928571428571429,1,0,0
"io.kubernetes.client.openapi.models.V1HTTPIngressRuleValue",153,15,14,1140,28,2,1,10,4,0.8928571428571429,1,0,0
"io.kubernetes.client.openapi.models.V1LimitRangeSpec",153,15,14,1140,28,2,1,10,4,0.8928571428571429,1,0,0
"io.kubernetes.client.openapi.models.V1NodeSelector",153,15,14,1140,28,2,5,10,4,0.8928571428571429,1,0,0
"io.kubernetes.client.openapi.models.V1PodFailurePolicy",153,15,14,1140,28,2,1,10,4,0.8928571428571429,1,0,0
"io.kubernetes.client.openapi.models.V1CustomResourceSubresources",151,17,16,1139,27,2,1,10,6,0.84375,1,0,0
"io.kubernetes.client.openapi.models.V1RollingUpdateStatefulSetStrategy",151,17,16,1140,27,2,1,10,6,0.84375,1,0,0
"io.kubernetes.client.openapi.models.V1VolumeError",151,17,16,1140,27,1,1,9,6,0.84375,1,0,0
"io.kubernetes.client.openapi.models.V1AggregationRule",151,15,14,1141,28,2,1,10,4,0.8928571428571429,1,0,0
"io.kubernetes.client.openapi.models.V1alpha1TypeChecking",151,15,14,1141,28,2,1,10,4,0.8928571428571429,1,0,0
"io.kubernetes.client.openapi.models.V1alpha2PodSchedulingContextStatus",151,15,14,1141,28,2,1,10,4,0.8928571428571429,1,0,0
"io.kubernetes.client.openapi.models.V1APIServiceStatus",151,15,14,1141,28,2,1,10,4,0.8928571428571429,1,0,0
"io.kubernetes.client.openapi.models.V1beta1TypeChecking",151,15,14,1141,28,2,1,10,4,0.8928571428571429,1,0,0
"io.kubernetes.client.openapi.models.V1beta2FlowSchemaStatus",151,15,14,1141,28,2,1,10,4,0.8928571428571429,1,0,0
"io.kubernetes.client.openapi.models.V1beta2PriorityLevelConfigurationStatus",151,15,14,1141,28,2,1,10,4,0.8928571428571429,1,0,0
"io.kubernetes.client.openapi.models.V1beta3FlowSchemaStatus",151,15,14,1141,28,2,1,10,4,0.8928571428571429,1,0,0
"io.kubernetes.client.openapi.models.V1beta3PriorityLevelConfigurationStatus",151,15,14,1141,28,2,1,10,4,0.8928571428571429,1,0,0
"io.kubernetes.client.openapi.models.V1DownwardAPIProjection",151,15,14,1141,28,2,1,10,4,0.8928571428571429,1,0,0
"io.kubernetes.client.openapi.models.V1EndpointHints",151,15,14,1141,28,2,1,10,4,0.8928571428571429,1,0,0
"io.kubernetes.client.openapi.models.V1IngressLoadBalancerStatus",151,15,14,1141,28,2,1,10,4,0.8928571428571429,1,0,0
"io.kubernetes.client.openapi.models.V1LoadBalancerStatus",151,15,14,1141,28,2,1,10,4,0.8928571428571429,1,0,0
"io.kubernetes.client.openapi.models.V1ScopeSelector",151,15,14,1141,28,2,1,10,4,0.8928571428571429,1,0,0
"io.kubernetes.client.openapi.models.V1TopologySelectorTerm",151,15,14,1141,28,2,1,10,4,0.8928571428571429,1,0,0
"io.kubernetes.client.custom.QuantityFormatterTest",150,21,20,21,4,0,0,2,0,0.0,1,0,0
"io.kubernetes.client.openapi.models.V1ConfigMapEnvSource",150,17,16,1140,26,1,1,9,6,0.84375,1,0,0
"io.kubernetes.client.openapi.models.V1SecretEnvSource",150,17,16,1140,26,1,1,9,6,0.84375,1,0,0
"io.kubernetes.client.openapi.models.V1ServiceBackendPort",150,17,16,1140,26,1,1,9,6,0.84375,1,0,0
"io.kubernetes.client.openapi.models.CoreV1EventSeries",148,17,16,1137,27,1,1,9,6,0.84375,1,0,0
"io.kubernetes.client.openapi.models.V1beta2ExemptPriorityLevelConfiguration",147,17,16,1137,26,1,1,9,6,0.84375,1,0,0
"io.kubernetes.client.openapi.models.V1beta3ExemptPriorityLevelConfiguration",147,17,16,1137,26,1,1,9,6,0.84375,1,0,0
"io.kubernetes.client.openapi.models.V1ExecAction",142,15,14,1138,27,1,2,10,4,0.8928571428571429,1,0,0
"io.kubernetes.client.openapi.models.V1NamespaceSpec",142,15,14,1138,27,1,1,10,4,0.8928571428571429,1,0,0
"io.kubernetes.client.openapi.models.V1Overhead",140,15,14,1136,27,2,1,10,4,0.9107142857142857,1,0,0
"io.kubernetes.client.openapi.models.V1beta2FlowDistinguisherMethod",139,14,13,1137,26,1,1,9,4,0.8846153846153846,1,0,0
"io.kubernetes.client.openapi.models.V1beta2GroupSubject",139,14,13,1137,26,1,1,9,4,0.8846153846153846,1,0,0
"io.kubernetes.client.openapi.models.V1beta2PriorityLevelConfigurationReference",139,14,13,1137,26,1,1,9,4,0.8846153846153846,1,0,0
"io.kubernetes.client.openapi.models.V1beta2UserSubject",139,14,13,1137,26,1,1,9,4,0.8846153846153846,1,0,0
"io.kubernetes.client.openapi.models.V1beta3FlowDistinguisherMethod",139,14,13,1137,26,1,1,9,4,0.8846153846153846,1,0,0
"io.kubernetes.client.openapi.models.V1beta3GroupSubject",139,14,13,1137,26,1,1,9,4,0.8846153846153846,1,0,0
"io.kubernetes.client.openapi.models.V1beta3PriorityLevelConfigurationReference",139,14,13,1137,26,1,1,9,4,0.8846153846153846,1,0,0
"io.kubernetes.client.openapi.models.V1beta3UserSubject",139,14,13,1137,26,1,1,9,4,0.8846153846153846,1,0,0
"io.kubernetes.client.openapi.models.V1ForZone",139,14,13,1137,26,1,1,9,4,0.8846153846153846,1,0,0
"io.kubernetes.client.openapi.models.V1PodOS",139,14,13,1137,26,1,1,9,4,0.8846153846153846,1,0,0
"io.kubernetes.client.openapi.models.V1PodReadinessGate",139,14,13,1137,26,1,1,9,4,0.8846153846153846,1,0,0
"io.kubernetes.client.openapi.models.V1PodSchedulingGate",139,14,13,1137,26,1,1,9,4,0.8846153846153846,1,0,0
"io.kubernetes.client.openapi.models.V1ResourceClaim",139,14,13,1137,26,1,1,9,4,0.8846153846153846,1,0,0
"io.kubernetes.client.openapi.models.V1DaemonEndpoint",136,14,13,1136,26,1,1,9,4,0.8846153846153846,1,0,0
"io.kubernetes.client.openapi.models.V1alpha1IPAddressSpec",134,14,13,1136,27,2,1,10,4,0.8846153846153846,1,0,0
"io.kubernetes.client.openapi.models.V1alpha1SelfSubjectReviewStatus",134,14,13,1136,27,2,1,10,4,0.8846153846153846,1,0,0
"io.kubernetes.client.openapi.models.V1beta1SelfSubjectReviewStatus",134,14,13,1136,27,2,1,10,4,0.8846153846153846,1,0,0
"io.kubernetes.client.openapi.models.V1CustomResourceValidation",134,14,13,1136,27,2,1,10,4,0.8846153846153846,1,0,0
"io.kubernetes.client.openapi.models.V1EphemeralVolumeSource",134,14,13,1136,27,2,1,10,4,0.8846153846153846,1,0,0
"io.kubernetes.client.openapi.models.V1IngressStatus",134,14,13,1136,27,2,1,10,4,0.8846153846153846,1,0,0
"io.kubernetes.client.openapi.models.V1NodeConfigSource",134,14,13,1136,27,2,2,10,4,0.8846153846153846,1,0,0
"io.kubernetes.client.openapi.models.V1NodeDaemonEndpoints",134,14,13,1136,27,2,1,10,4,0.8846153846153846,1,0,0
"io.kubernetes.client.openapi.models.V1SelfSubjectReviewStatus",134,14,13,1136,27,2,1,10,4,0.8846153846153846,1,0,0
"io.kubernetes.client.openapi.models.V1SessionAffinityConfig",134,14,13,1136,27,2,1,10,4,0.8846153846153846,1,0,0
"io.kubernetes.client.openapi.models.V1VolumeNodeAffinity",134,14,13,1136,27,2,1,10,4,0.8846153846153846,1,0,0
"io.kubernetes.client.openapi.models.V1HostIP",133,14,13,1137,26,1,1,9,4,0.8846153846153846,1,0,0
"io.kubernetes.client.openapi.models.V1LocalObjectReference",133,14,13,1137,26,1,10,9,4,0.8846153846153846,1,0,0
"io.kubernetes.client.openapi.models.V1PodIP",133,14,13,1137,26,1,1,9,4,0.8846153846153846,1,0,0
"io.kubernetes.client.openapi.models.V1SelfSubjectRulesReviewSpec",133,14,13,1137,26,1,1,9,4,0.8846153846153846,1,0,0
"io.kubernetes.client.openapi.models.V1ContainerStateRunning",131,14,13,1134,27,1,1,9,4,0.8846153846153846,1,0,0
"io.kubernetes.client.openapi.models.V1ClientIPConfig",130,14,13,1134,26,1,1,9,4,0.8846153846153846,1,0,0
"io.kubernetes.client.openapi.models.V1ScaleSpec",130,14,13,1134,26,1,1,9,4,0.8846153846153846,1,0,0
"io.kubernetes.client.openapi.models.V1StatefulSetOrdinals",130,14,13,1134,26,1,1,9,4,0.8846153846153846,1,0,0
"io.kubernetes.client.openapi.models.V1VolumeNodeResources",130,14,13,1134,26,1,1,9,4,0.8846153846153846,1,0,0
"io.kubernetes.client.openapi.apis.AdmissionregistrationApi",117,18,13,122,17,9,0,11,3,0.9411764705882353,1,0,0
"io.kubernetes.client.openapi.apis.ApiextensionsApi",117,18,13,122,17,9,0,11,3,0.9411764705882353,1,0,0
"io.kubernetes.client.openapi.apis.ApiregistrationApi",117,18,13,122,17,9,0,11,3,0.9411764705882353,1,0,0
"io.kubernetes.client.openapi.apis.ApisApi",117,18,13,27,17,9,0,11,3,0.9411764705882353,1,0,0
"io.kubernetes.client.openapi.apis.AppsApi",117,18,13,122,17,9,0,11,3,0.9411764705882353,1,0,0
"io.kubernetes.client.openapi.apis.AuthenticationApi",117,18,13,122,17,9,0,11,3,0.9411764705882353,1,0,0
"io.kubernetes.client.openapi.apis.AuthorizationApi",117,18,13,122,17,9,0,11,3,0.9411764705882353,1,0,0
"io.kubernetes.client.openapi.apis.AutoscalingApi",117,18,13,122,17,9,0,11,3,0.9411764705882353,1,0,0
"io.kubernetes.client.openapi.apis.BatchApi",117,18,13,122,17,9,0,11,3,0.9411764705882353,1,0,0
"io.kubernetes.client.openapi.apis.CertificatesApi",117,18,13,122,17,9,0,11,3,0.9411764705882353,1,0,0
"io.kubernetes.client.openapi.apis.CoordinationApi",117,18,13,122,17,9,0,11,3,0.9411764705882353,1,0,0
"io.kubernetes.client.openapi.apis.CoreApi",117,18,13,27,17,9,0,11,3,0.9411764705882353,1,0,0
"io.kubernetes.client.openapi.apis.DiscoveryApi",117,18,13,122,17,9,0,11,3,0.9411764705882353,1,0,0
"io.kubernetes.client.openapi.apis.EventsApi",117,18,13,122,17,9,0,11,3,0.9411764705882353,1,0,0
"io.kubernetes.client.openapi.apis.FlowcontrolApiserverApi",117,18,13,122,17,9,0,11,3,0.9411764705882353,1,0,0
"io.kubernetes.client.openapi.apis.InternalApiserverApi",117,18,13,122,17,9,0,11,3,0.9411764705882353,1,0,0
"io.kubernetes.client.openapi.apis.NetworkingApi",117,18,13,122,17,9,0,11,3,0.9411764705882353,1,0,0
"io.kubernetes.client.openapi.apis.NodeApi",117,18,13,122,17,9,0,11,3,0.9411764705882353,1,0,0
"io.kubernetes.client.openapi.apis.PolicyApi",117,18,13,122,17,9,0,11,3,0.9411764705882353,1,0,0
"io.kubernetes.client.openapi.apis.RbacAuthorizationApi",117,18,13,122,17,9,0,11,3,0.9411764705882353,1,0,0
"io.kubernetes.client.openapi.apis.ResourceApi",117,18,13,122,17,9,0,11,3,0.9411764705882353,1,0,0
"io.kubernetes.client.openapi.apis.SchedulingApi",117,18,13,122,17,9,0,11,3,0.9411764705882353,1,0,0
"io.kubernetes.client.openapi.apis.StorageApi",117,18,13,122,17,9,0,11,3,0.9411764705882353,1,0,0
"io.kubernetes.client.openapi.apis.VersionApi",115,18,13,22,17,9,0,11,3,0.9411764705882353,1,0,0
"io.kubernetes.client.openapi.apis.OpenidApi",114,18,13,22,16,8,0,10,3,0.9411764705882353,1,0,0
"io.kubernetes.client.openapi.apis.WellKnownApi",114,18,13,22,16,8,0,10,3,0.9411764705882353,1,0,0
"io.kubernetes.client.custom.SuffixFormatterTest",100,16,16,16,3,0,0,0,0,0.0,1,0,0
"io.kubernetes.client.custom.SuffixFormatter",98,5,2,17,2,0,16,5,4,1.25,1,0,0
"io.kubernetes.client.custom.IntOrStringTest",86,14,14,14,5,0,0,0,0,0.0,1,0,0
"io.kubernetes.client.custom.QuantityFormatter",85,8,2,20,4,0,20,2,1,1.0,1,0,0
"io.kubernetes.client.custom.IntOrString",80,11,10,19,8,0,30,3,3,0.9,2,0,0
"io.kubernetes.client.openapi.models.AbstractOpenApiSchema",73,12,10,19,5,1,0,6,3,0.9090909090909091,1,0,0
"io.kubernetes.client.custom.Quantity",72,12,12,16,8,0,28,3,4,0.8636363636363636,2,0,1
"io.kubernetes.client.openapi.JSONTest",68,7,7,7,11,2,0,3,1,1.1666666666666667,1,0,0
"io.kubernetes.client.openapi.GzipRequestInterceptor",57,9,7,5,6,0,0,2,0,0.0,1,0,0
"io.kubernetes.client.openapi.ApiException",55,13,13,13,3,0,75,4,3,0.9166666666666666,3,0,0
"io.kubernetes.client.openapi.auth.ApiKeyAuth",55,8,8,13,5,2,1,5,4,0.7857142857142857,1,0,0
"io.kubernetes.client.custom.NodeMetrics",53,13,13,13,4,2,0,3,6,0.7916666666666666,1,0,0
"io.kubernetes.client.custom.PodMetrics",48,12,12,12,3,2,0,3,6,0.7727272727272727,1,0,0
"io.kubernetes.client.openapi.ProgressRequestBody",46,6,5,5,8,0,59,2,4,0.7,2,0,0
"io.kubernetes.client.openapi.ProgressResponseBody",45,6,5,6,8,0,59,2,4,0.7,2,0,0
"io.kubernetes.client.openapi.StringUtil",40,3,3,12,2,0,0,4,0,0.0,1,0,0
"io.kubernetes.client.custom.IOTrio",39,9,9,9,5,0,0,2,4,0.8125,1,0,0
"io.kubernetes.client.custom.NodeMetricsList",39,9,9,9,4,2,0,3,4,0.8125,1,0,0
"io.kubernetes.client.custom.BaseExponent",35,7,7,10,0,0,20,3,3,0.8333333333333334,1,0,0
"io.kubernetes.client.custom.PodMetricsList",34,8,8,8,3,2,0,3,4,0.7857142857142857,1,0,0
"io.kubernetes.client.openapi.Pair",34,6,3,9,0,0,65,1,2,0.9,1,0,0
"io.kubernetes.client.openapi.auth.HttpBasicAuth",34,5,5,9,7,2,1,4,2,0.875,1,0,0
"io.kubernetes.client.gson.V1StatusJsonDeserializerTest",34,3,3,3,5,1,0,1,4,0.625,1,0,0
"io.kubernetes.client.openapi.auth.HttpBearerAuth",31,5,4,8,5,2,1,6,2,0.875,1,0,0
"io.kubernetes.client.custom.V1Patch",31,4,4,4,5,0,26,2,5,0.3333333333333333,2,0,0
"io.kubernetes.client.openapi.ServerConfiguration",31,3,3,8,1,0,1,3,3,0.5,1,0,3
"io.kubernetes.client.gson.V1StatusPreProcessor",30,2,1,7,5,1,2,4,0,0.0,1,0,0
"io.kubernetes.client.custom.MapUtilsTest",27,2,2,2,4,0,0,2,0,0.0,1,0,0
"io.kubernetes.client.openapi.ApiResponse",25,5,5,5,2,0,59,0,3,0.75,1,0,0
"io.kubernetes.client.custom.IntOrStringJacksonSerializer",21,3,3,4,4,0,0,1,0,0.0,2,0,0
"io.kubernetes.client.custom.MapUtils",19,1,1,8,2,0,1,1,0,0.0,1,0,0
"io.kubernetes.client.openapi.V1SecretTest",19,1,1,1,4,1,0,3,0,0.0,1,0,0
"io.kubernetes.client.custom.ContainerMetrics",18,4,4,4,1,0,0,0,2,0.8333333333333334,1,0,0
"io.kubernetes.client.openapi.Configuration",12,2,2,2,0,0,58,0,2,1.5,1,0,0
"io.kubernetes.client.openapi.ServerVariable",12,1,1,1,1,0,0,0,3,0.0,1,0,3
"io.kubernetes.client.openapi.ApiCallback",10,4,4,4,3,0,58,0,0,0.0,1,0,0
"io.kubernetes.client.openapi.auth.Authentication",9,1,1,1,5,2,4,2,0,0.0,1,0,0
"io.kubernetes.client.common.KubernetesListObject",7,2,2,2,2,1,66,2,0,0.0,1,0,0
"io.kubernetes.client.custom.QuantityFormatException",6,1,1,1,0,0,4,1,0,0.0,4,0,0
"io.kubernetes.client.common.KubernetesType",5,2,2,2,0,0,2,0,0,0.0,1,0,0
"io.kubernetes.client.common.KubernetesObject",5,1,1,1,1,1,78,2,0,0.0,1,0,0
