"type","smell","quality"
"io.kubernetes.client.openapi.ApiClient","God Class","Understandability, Maintainability"
"io.kubernetes.client.openapi.ApiClient","Insufficient Modularization","Modularity, Maintainability"
"io.kubernetes.client.openapi.ApiClient","Hub-like Modularization","Maintainability, Coupling"
"io.kubernetes.client.openapi.ApiClient","Multifaceted Abstraction","Cohesion"
"io.kubernetes.client.openapi.JSON","Insufficient Modularization","Modularity, Maintainability"
"io.kubernetes.client.openapi.JSON","Cyclically-dependent Modularization","Modularity"
"io.kubernetes.client.openapi.JSON","Multifaceted Abstraction","Cohesion"
"io.kubernetes.client.openapi.JSON","Deep Hierarchy","Inheritance"
"io.kubernetes.client.openapi.apis.AdmissionregistrationV1alpha1Api","God Class","Understandability, Maintainability"
"io.kubernetes.client.openapi.apis.AdmissionregistrationV1alpha1Api","Insufficient Modularization","Modularity, Maintainability"
"io.kubernetes.client.openapi.apis.AdmissionregistrationV1alpha1Api","Multifaceted Abstraction","Cohesion"
"io.kubernetes.client.openapi.apis.AdmissionregistrationV1Api","God Class","Understandability, Maintainability"
"io.kubernetes.client.openapi.apis.AdmissionregistrationV1Api","Insufficient Modularization","Modularity, Maintainability"
"io.kubernetes.client.openapi.apis.AdmissionregistrationV1Api","Multifaceted Abstraction","Cohesion"
"io.kubernetes.client.openapi.apis.AdmissionregistrationV1beta1Api","God Class","Understandability, Maintainability"
"io.kubernetes.client.openapi.apis.AdmissionregistrationV1beta1Api","Insufficient Modularization","Modularity, Maintainability"
"io.kubernetes.client.openapi.apis.AdmissionregistrationV1beta1Api","Multifaceted Abstraction","Cohesion"
"io.kubernetes.client.openapi.apis.ApiextensionsV1Api","God Class","Understandability, Maintainability"
"io.kubernetes.client.openapi.apis.ApiextensionsV1Api","Insufficient Modularization","Modularity, Maintainability"
"io.kubernetes.client.openapi.apis.ApiextensionsV1Api","Multifaceted Abstraction","Cohesion"
"io.kubernetes.client.openapi.apis.ApiregistrationV1Api","God Class","Understandability, Maintainability"
"io.kubernetes.client.openapi.apis.ApiregistrationV1Api","Insufficient Modularization","Modularity, Maintainability"
"io.kubernetes.client.openapi.apis.ApiregistrationV1Api","Multifaceted Abstraction","Cohesion"
"io.kubernetes.client.openapi.apis.AppsV1Api","God Class","Understandability, Maintainability"
"io.kubernetes.client.openapi.apis.AppsV1Api","Insufficient Modularization","Modularity, Maintainability"
"io.kubernetes.client.openapi.apis.AppsV1Api","Multifaceted Abstraction","Cohesion"
"io.kubernetes.client.openapi.apis.AuthorizationV1Api","God Class","Understandability, Maintainability"
"io.kubernetes.client.openapi.apis.AuthorizationV1Api","Insufficient Modularization","Modularity, Maintainability"
"io.kubernetes.client.openapi.apis.AuthorizationV1Api","Multifaceted Abstraction","Cohesion"
"io.kubernetes.client.openapi.apis.AutoscalingV1Api","God Class","Understandability, Maintainability"
"io.kubernetes.client.openapi.apis.AutoscalingV1Api","Insufficient Modularization","Modularity, Maintainability"
"io.kubernetes.client.openapi.apis.AutoscalingV1Api","Multifaceted Abstraction","Cohesion"
"io.kubernetes.client.openapi.apis.AutoscalingV2Api","God Class","Understandability, Maintainability"
"io.kubernetes.client.openapi.apis.AutoscalingV2Api","Insufficient Modularization","Modularity, Maintainability"
"io.kubernetes.client.openapi.apis.AutoscalingV2Api","Multifaceted Abstraction","Cohesion"
"io.kubernetes.client.openapi.apis.BatchV1Api","God Class","Understandability, Maintainability"
"io.kubernetes.client.openapi.apis.BatchV1Api","Insufficient Modularization","Modularity, Maintainability"
"io.kubernetes.client.openapi.apis.BatchV1Api","Multifaceted Abstraction","Cohesion"
"io.kubernetes.client.openapi.apis.CertificatesV1alpha1Api","God Class","Understandability, Maintainability"
"io.kubernetes.client.openapi.apis.CertificatesV1alpha1Api","Insufficient Modularization","Modularity, Maintainability"
"io.kubernetes.client.openapi.apis.CertificatesV1alpha1Api","Multifaceted Abstraction","Cohesion"
"io.kubernetes.client.openapi.apis.CertificatesV1Api","God Class","Understandability, Maintainability"
"io.kubernetes.client.openapi.apis.CertificatesV1Api","Insufficient Modularization","Modularity, Maintainability"
"io.kubernetes.client.openapi.apis.CertificatesV1Api","Multifaceted Abstraction","Cohesion"
"io.kubernetes.client.openapi.apis.CoordinationV1Api","God Class","Understandability, Maintainability"
"io.kubernetes.client.openapi.apis.CoordinationV1Api","Insufficient Modularization","Modularity, Maintainability"
"io.kubernetes.client.openapi.apis.CoordinationV1Api","Multifaceted Abstraction","Cohesion"
"io.kubernetes.client.openapi.apis.CoreV1Api","God Class","Understandability, Maintainability"
"io.kubernetes.client.openapi.apis.CoreV1Api","Insufficient Modularization","Modularity, Maintainability"
"io.kubernetes.client.openapi.apis.CoreV1Api","Multifaceted Abstraction","Cohesion"
"io.kubernetes.client.openapi.apis.CustomObjectsApi","God Class","Understandability, Maintainability"
"io.kubernetes.client.openapi.apis.CustomObjectsApi","Insufficient Modularization","Modularity, Maintainability"
"io.kubernetes.client.openapi.apis.CustomObjectsApi","Multifaceted Abstraction","Cohesion"
"io.kubernetes.client.openapi.apis.DiscoveryV1Api","God Class","Understandability, Maintainability"
"io.kubernetes.client.openapi.apis.DiscoveryV1Api","Insufficient Modularization","Modularity, Maintainability"
"io.kubernetes.client.openapi.apis.DiscoveryV1Api","Multifaceted Abstraction","Cohesion"
"io.kubernetes.client.openapi.apis.EventsV1Api","God Class","Understandability, Maintainability"
"io.kubernetes.client.openapi.apis.EventsV1Api","Insufficient Modularization","Modularity, Maintainability"
"io.kubernetes.client.openapi.apis.EventsV1Api","Multifaceted Abstraction","Cohesion"
"io.kubernetes.client.openapi.apis.FlowcontrolApiserverV1beta2Api","God Class","Understandability, Maintainability"
"io.kubernetes.client.openapi.apis.FlowcontrolApiserverV1beta2Api","Insufficient Modularization","Modularity, Maintainability"
"io.kubernetes.client.openapi.apis.FlowcontrolApiserverV1beta2Api","Multifaceted Abstraction","Cohesion"
"io.kubernetes.client.openapi.apis.FlowcontrolApiserverV1beta3Api","God Class","Understandability, Maintainability"
"io.kubernetes.client.openapi.apis.FlowcontrolApiserverV1beta3Api","Insufficient Modularization","Modularity, Maintainability"
"io.kubernetes.client.openapi.apis.FlowcontrolApiserverV1beta3Api","Multifaceted Abstraction","Cohesion"
"io.kubernetes.client.openapi.apis.InternalApiserverV1alpha1Api","God Class","Understandability, Maintainability"
"io.kubernetes.client.openapi.apis.InternalApiserverV1alpha1Api","Insufficient Modularization","Modularity, Maintainability"
"io.kubernetes.client.openapi.apis.InternalApiserverV1alpha1Api","Multifaceted Abstraction","Cohesion"
"io.kubernetes.client.openapi.apis.NetworkingV1alpha1Api","God Class","Understandability, Maintainability"
"io.kubernetes.client.openapi.apis.NetworkingV1alpha1Api","Insufficient Modularization","Modularity, Maintainability"
"io.kubernetes.client.openapi.apis.NetworkingV1alpha1Api","Multifaceted Abstraction","Cohesion"
"io.kubernetes.client.openapi.apis.NetworkingV1Api","God Class","Understandability, Maintainability"
"io.kubernetes.client.openapi.apis.NetworkingV1Api","Insufficient Modularization","Modularity, Maintainability"
"io.kubernetes.client.openapi.apis.NetworkingV1Api","Multifaceted Abstraction","Cohesion"
"io.kubernetes.client.openapi.apis.NodeV1Api","God Class","Understandability, Maintainability"
"io.kubernetes.client.openapi.apis.NodeV1Api","Insufficient Modularization","Modularity, Maintainability"
"io.kubernetes.client.openapi.apis.NodeV1Api","Multifaceted Abstraction","Cohesion"
"io.kubernetes.client.openapi.apis.PolicyV1Api","God Class","Understandability, Maintainability"
"io.kubernetes.client.openapi.apis.PolicyV1Api","Insufficient Modularization","Modularity, Maintainability"
"io.kubernetes.client.openapi.apis.PolicyV1Api","Multifaceted Abstraction","Cohesion"
"io.kubernetes.client.openapi.apis.RbacAuthorizationV1Api","God Class","Understandability, Maintainability"
"io.kubernetes.client.openapi.apis.RbacAuthorizationV1Api","Insufficient Modularization","Modularity, Maintainability"
"io.kubernetes.client.openapi.apis.RbacAuthorizationV1Api","Multifaceted Abstraction","Cohesion"
"io.kubernetes.client.openapi.apis.ResourceV1alpha2Api","God Class","Understandability, Maintainability"
"io.kubernetes.client.openapi.apis.ResourceV1alpha2Api","Insufficient Modularization","Modularity, Maintainability"
"io.kubernetes.client.openapi.apis.ResourceV1alpha2Api","Multifaceted Abstraction","Cohesion"
"io.kubernetes.client.openapi.apis.SchedulingV1Api","God Class","Understandability, Maintainability"
"io.kubernetes.client.openapi.apis.SchedulingV1Api","Insufficient Modularization","Modularity, Maintainability"
"io.kubernetes.client.openapi.apis.SchedulingV1Api","Multifaceted Abstraction","Cohesion"
"io.kubernetes.client.openapi.apis.StorageV1Api","God Class","Understandability, Maintainability"
"io.kubernetes.client.openapi.apis.StorageV1Api","Insufficient Modularization","Modularity, Maintainability"
"io.kubernetes.client.openapi.apis.StorageV1Api","Multifaceted Abstraction","Cohesion"
"io.kubernetes.client.openapi.apis.AuthenticationV1alpha1Api","Insufficient Modularization","Modularity, Maintainability"
"io.kubernetes.client.openapi.apis.AuthenticationV1alpha1Api","Multifaceted Abstraction","Cohesion"
"io.kubernetes.client.openapi.apis.AuthenticationV1Api","Insufficient Modularization","Modularity, Maintainability"
"io.kubernetes.client.openapi.apis.AuthenticationV1Api","Multifaceted Abstraction","Cohesion"
"io.kubernetes.client.openapi.apis.AuthenticationV1beta1Api","Insufficient Modularization","Modularity, Maintainability"
"io.kubernetes.client.openapi.apis.AuthenticationV1beta1Api","Multifaceted Abstraction","Cohesion"
"io.kubernetes.client.openapi.models.AdmissionregistrationV1WebhookClientConfig","Insufficient Modularization","Modularity, Maintainability"
"io.kubernetes.client.openapi.models.AdmissionregistrationV1WebhookClientConfig","Multifaceted Abstraction","Cohesion"
"io.kubernetes.client.openapi.models.ApiextensionsV1WebhookClientConfig","Insufficient Modularization","Modularity, Maintainability"
"io.kubernetes.client.openapi.models.ApiextensionsV1WebhookClientConfig","Multifaceted Abstraction","Cohesion"
"io.kubernetes.client.openapi.models.ApiregistrationV1ServiceReference","Insufficient Modularization","Modularity, Maintainability"
"io.kubernetes.client.openapi.models.ApiregistrationV1ServiceReference","Multifaceted Abstraction","Cohesion"
"io.kubernetes.client.openapi.models.CoreV1EventList","Insufficient Modularization","Modularity, Maintainability"
"io.kubernetes.client.openapi.models.CoreV1EventList","Multifaceted Abstraction","Cohesion"
"io.kubernetes.client.openapi.models.EventsV1EventList","Insufficient Modularization","Modularity, Maintainability"
"io.kubernetes.client.openapi.models.EventsV1EventList","Multifaceted Abstraction","Cohesion"
"io.kubernetes.client.openapi.models.V1Affinity","Insufficient Modularization","Modularity, Maintainability"
"io.kubernetes.client.openapi.models.V1Affinity","Multifaceted Abstraction","Cohesion"
"io.kubernetes.client.openapi.models.V1alpha1ClusterCIDRList","Insufficient Modularization","Modularity, Maintainability"
"io.kubernetes.client.openapi.models.V1alpha1ClusterCIDRList","Multifaceted Abstraction","Cohesion"
"io.kubernetes.client.openapi.models.V1alpha1ClusterTrustBundleList","Insufficient Modularization","Modularity, Maintainability"
"io.kubernetes.client.openapi.models.V1alpha1ClusterTrustBundleList","Multifaceted Abstraction","Cohesion"
"io.kubernetes.client.openapi.models.V1alpha1IPAddressList","Insufficient Modularization","Modularity, Maintainability"
"io.kubernetes.client.openapi.models.V1alpha1IPAddressList","Multifaceted Abstraction","Cohesion"
"io.kubernetes.client.openapi.models.V1alpha1NamedRuleWithOperations","Insufficient Modularization","Modularity, Maintainability"
"io.kubernetes.client.openapi.models.V1alpha1NamedRuleWithOperations","Multifaceted Abstraction","Cohesion"
"io.kubernetes.client.openapi.models.V1alpha1ServerStorageVersion","Insufficient Modularization","Modularity, Maintainability"
"io.kubernetes.client.openapi.models.V1alpha1ServerStorageVersion","Multifaceted Abstraction","Cohesion"
"io.kubernetes.client.openapi.models.V1alpha1StorageVersionList","Insufficient Modularization","Modularity, Maintainability"
"io.kubernetes.client.openapi.models.V1alpha1StorageVersionList","Multifaceted Abstraction","Cohesion"
"io.kubernetes.client.openapi.models.V1alpha1StorageVersionStatus","Insufficient Modularization","Modularity, Maintainability"
"io.kubernetes.client.openapi.models.V1alpha1StorageVersionStatus","Multifaceted Abstraction","Cohesion"
"io.kubernetes.client.openapi.models.V1alpha1ValidatingAdmissionPolicyBindingList","Insufficient Modularization","Modularity, Maintainability"
"io.kubernetes.client.openapi.models.V1alpha1ValidatingAdmissionPolicyBindingList","Multifaceted Abstraction","Cohesion"
"io.kubernetes.client.openapi.models.V1alpha1ValidatingAdmissionPolicyBindingSpec","Insufficient Modularization","Modularity, Maintainability"
"io.kubernetes.client.openapi.models.V1alpha1ValidatingAdmissionPolicyBindingSpec","Multifaceted Abstraction","Cohesion"
"io.kubernetes.client.openapi.models.V1alpha1ValidatingAdmissionPolicyList","Insufficient Modularization","Modularity, Maintainability"
"io.kubernetes.client.openapi.models.V1alpha1ValidatingAdmissionPolicyList","Multifaceted Abstraction","Cohesion"
"io.kubernetes.client.openapi.models.V1alpha1ValidatingAdmissionPolicyStatus","Insufficient Modularization","Modularity, Maintainability"
"io.kubernetes.client.openapi.models.V1alpha1ValidatingAdmissionPolicyStatus","Multifaceted Abstraction","Cohesion"
"io.kubernetes.client.openapi.models.V1alpha2AllocationResult","Insufficient Modularization","Modularity, Maintainability"
"io.kubernetes.client.openapi.models.V1alpha2AllocationResult","Multifaceted Abstraction","Cohesion"
"io.kubernetes.client.openapi.models.V1alpha2PodSchedulingContextList","Insufficient Modularization","Modularity, Maintainability"
"io.kubernetes.client.openapi.models.V1alpha2PodSchedulingContextList","Multifaceted Abstraction","Cohesion"
"io.kubernetes.client.openapi.models.V1alpha2ResourceClaimList","Insufficient Modularization","Modularity, Maintainability"
"io.kubernetes.client.openapi.models.V1alpha2ResourceClaimList","Multifaceted Abstraction","Cohesion"
"io.kubernetes.client.openapi.models.V1alpha2ResourceClaimParametersReference","Insufficient Modularization","Modularity, Maintainability"
"io.kubernetes.client.openapi.models.V1alpha2ResourceClaimParametersReference","Multifaceted Abstraction","Cohesion"
"io.kubernetes.client.openapi.models.V1alpha2ResourceClaimSpec","Insufficient Modularization","Modularity, Maintainability"
"io.kubernetes.client.openapi.models.V1alpha2ResourceClaimSpec","Multifaceted Abstraction","Cohesion"
"io.kubernetes.client.openapi.models.V1alpha2ResourceClaimStatus","Insufficient Modularization","Modularity, Maintainability"
"io.kubernetes.client.openapi.models.V1alpha2ResourceClaimStatus","Multifaceted Abstraction","Cohesion"
"io.kubernetes.client.openapi.models.V1alpha2ResourceClaimTemplateList","Insufficient Modularization","Modularity, Maintainability"
"io.kubernetes.client.openapi.models.V1alpha2ResourceClaimTemplateList","Multifaceted Abstraction","Cohesion"
"io.kubernetes.client.openapi.models.V1alpha2ResourceClassList","Insufficient Modularization","Modularity, Maintainability"
"io.kubernetes.client.openapi.models.V1alpha2ResourceClassList","Multifaceted Abstraction","Cohesion"
"io.kubernetes.client.openapi.models.V1APIGroupList","Insufficient Modularization","Modularity, Maintainability"
"io.kubernetes.client.openapi.models.V1APIGroupList","Multifaceted Abstraction","Cohesion"
"io.kubernetes.client.openapi.models.V1APIResourceList","Insufficient Modularization","Modularity, Maintainability"
"io.kubernetes.client.openapi.models.V1APIResourceList","Multifaceted Abstraction","Cohesion"
"io.kubernetes.client.openapi.models.V1APIServiceList","Insufficient Modularization","Modularity, Maintainability"
"io.kubernetes.client.openapi.models.V1APIServiceList","Multifaceted Abstraction","Cohesion"
"io.kubernetes.client.openapi.models.V1APIVersions","Insufficient Modularization","Modularity, Maintainability"
"io.kubernetes.client.openapi.models.V1APIVersions","Multifaceted Abstraction","Cohesion"
"io.kubernetes.client.openapi.models.V1AzureFileVolumeSource","Insufficient Modularization","Modularity, Maintainability"
"io.kubernetes.client.openapi.models.V1AzureFileVolumeSource","Multifaceted Abstraction","Cohesion"
"io.kubernetes.client.openapi.models.V1beta1NamedRuleWithOperations","Insufficient Modularization","Modularity, Maintainability"
"io.kubernetes.client.openapi.models.V1beta1NamedRuleWithOperations","Multifaceted Abstraction","Cohesion"
"io.kubernetes.client.openapi.models.V1beta1ValidatingAdmissionPolicyBindingList","Insufficient Modularization","Modularity, Maintainability"
"io.kubernetes.client.openapi.models.V1beta1ValidatingAdmissionPolicyBindingList","Multifaceted Abstraction","Cohesion"
"io.kubernetes.client.openapi.models.V1beta1ValidatingAdmissionPolicyBindingSpec","Insufficient Modularization","Modularity, Maintainability"
"io.kubernetes.client.openapi.models.V1beta1ValidatingAdmissionPolicyBindingSpec","Multifaceted Abstraction","Cohesion"
"io.kubernetes.client.openapi.models.V1beta1ValidatingAdmissionPolicyList","Insufficient Modularization","Modularity, Maintainability"
"io.kubernetes.client.openapi.models.V1beta1ValidatingAdmissionPolicyList","Multifaceted Abstraction","Cohesion"
"io.kubernetes.client.openapi.models.V1beta1ValidatingAdmissionPolicyStatus","Insufficient Modularization","Modularity, Maintainability"
"io.kubernetes.client.openapi.models.V1beta1ValidatingAdmissionPolicyStatus","Multifaceted Abstraction","Cohesion"
"io.kubernetes.client.openapi.models.V1beta2FlowSchemaList","Insufficient Modularization","Modularity, Maintainability"
"io.kubernetes.client.openapi.models.V1beta2FlowSchemaList","Multifaceted Abstraction","Cohesion"
"io.kubernetes.client.openapi.models.V1beta2FlowSchemaSpec","Insufficient Modularization","Modularity, Maintainability"
"io.kubernetes.client.openapi.models.V1beta2FlowSchemaSpec","Multifaceted Abstraction","Cohesion"
"io.kubernetes.client.openapi.models.V1beta2PolicyRulesWithSubjects","Insufficient Modularization","Modularity, Maintainability"
"io.kubernetes.client.openapi.models.V1beta2PolicyRulesWithSubjects","Multifaceted Abstraction","Cohesion"
"io.kubernetes.client.openapi.models.V1beta2PriorityLevelConfigurationList","Insufficient Modularization","Modularity, Maintainability"
"io.kubernetes.client.openapi.models.V1beta2PriorityLevelConfigurationList","Multifaceted Abstraction","Cohesion"
"io.kubernetes.client.openapi.models.V1beta2PriorityLevelConfigurationSpec","Insufficient Modularization","Modularity, Maintainability"
"io.kubernetes.client.openapi.models.V1beta2PriorityLevelConfigurationSpec","Multifaceted Abstraction","Cohesion"
"io.kubernetes.client.openapi.models.V1beta2QueuingConfiguration","Insufficient Modularization","Modularity, Maintainability"
"io.kubernetes.client.openapi.models.V1beta2QueuingConfiguration","Multifaceted Abstraction","Cohesion"
"io.kubernetes.client.openapi.models.V1beta2ResourcePolicyRule","Insufficient Modularization","Modularity, Maintainability"
"io.kubernetes.client.openapi.models.V1beta2ResourcePolicyRule","Multifaceted Abstraction","Cohesion"
"io.kubernetes.client.openapi.models.V1beta3FlowSchemaList","Insufficient Modularization","Modularity, Maintainability"
"io.kubernetes.client.openapi.models.V1beta3FlowSchemaList","Multifaceted Abstraction","Cohesion"
"io.kubernetes.client.openapi.models.V1beta3FlowSchemaSpec","Insufficient Modularization","Modularity, Maintainability"
"io.kubernetes.client.openapi.models.V1beta3FlowSchemaSpec","Multifaceted Abstraction","Cohesion"
"io.kubernetes.client.openapi.models.V1beta3PolicyRulesWithSubjects","Insufficient Modularization","Modularity, Maintainability"
"io.kubernetes.client.openapi.models.V1beta3PolicyRulesWithSubjects","Multifaceted Abstraction","Cohesion"
"io.kubernetes.client.openapi.models.V1beta3PriorityLevelConfigurationList","Insufficient Modularization","Modularity, Maintainability"
"io.kubernetes.client.openapi.models.V1beta3PriorityLevelConfigurationList","Multifaceted Abstraction","Cohesion"
"io.kubernetes.client.openapi.models.V1beta3PriorityLevelConfigurationSpec","Insufficient Modularization","Modularity, Maintainability"
"io.kubernetes.client.openapi.models.V1beta3PriorityLevelConfigurationSpec","Multifaceted Abstraction","Cohesion"
"io.kubernetes.client.openapi.models.V1beta3QueuingConfiguration","Insufficient Modularization","Modularity, Maintainability"
"io.kubernetes.client.openapi.models.V1beta3QueuingConfiguration","Multifaceted Abstraction","Cohesion"
"io.kubernetes.client.openapi.models.V1beta3ResourcePolicyRule","Insufficient Modularization","Modularity, Maintainability"
"io.kubernetes.client.openapi.models.V1beta3ResourcePolicyRule","Multifaceted Abstraction","Cohesion"
"io.kubernetes.client.openapi.models.V1CertificateSigningRequestList","Insufficient Modularization","Modularity, Maintainability"
"io.kubernetes.client.openapi.models.V1CertificateSigningRequestList","Multifaceted Abstraction","Cohesion"
"io.kubernetes.client.openapi.models.V1ClusterRoleBindingList","Insufficient Modularization","Modularity, Maintainability"
"io.kubernetes.client.openapi.models.V1ClusterRoleBindingList","Multifaceted Abstraction","Cohesion"
"io.kubernetes.client.openapi.models.V1ClusterRoleList","Insufficient Modularization","Modularity, Maintainability"
"io.kubernetes.client.openapi.models.V1ClusterRoleList","Multifaceted Abstraction","Cohesion"
"io.kubernetes.client.openapi.models.V1ComponentStatus","Insufficient Modularization","Modularity, Maintainability"
"io.kubernetes.client.openapi.models.V1ComponentStatus","Multifaceted Abstraction","Cohesion"
"io.kubernetes.client.openapi.models.V1ComponentStatusList","Insufficient Modularization","Modularity, Maintainability"
"io.kubernetes.client.openapi.models.V1ComponentStatusList","Multifaceted Abstraction","Cohesion"
"io.kubernetes.client.openapi.models.V1ConfigMap","Insufficient Modularization","Modularity, Maintainability"
"io.kubernetes.client.openapi.models.V1ConfigMap","Multifaceted Abstraction","Cohesion"
"io.kubernetes.client.openapi.models.V1ConfigMapKeySelector","Insufficient Modularization","Modularity, Maintainability"
"io.kubernetes.client.openapi.models.V1ConfigMapKeySelector","Multifaceted Abstraction","Cohesion"
"io.kubernetes.client.openapi.models.V1ConfigMapList","Insufficient Modularization","Modularity, Maintainability"
"io.kubernetes.client.openapi.models.V1ConfigMapList","Multifaceted Abstraction","Cohesion"
"io.kubernetes.client.openapi.models.V1ConfigMapProjection","Insufficient Modularization","Modularity, Maintainability"
"io.kubernetes.client.openapi.models.V1ConfigMapProjection","Multifaceted Abstraction","Cohesion"
"io.kubernetes.client.openapi.models.V1ConfigMapVolumeSource","Insufficient Modularization","Modularity, Maintainability"
"io.kubernetes.client.openapi.models.V1ConfigMapVolumeSource","Multifaceted Abstraction","Cohesion"
"io.kubernetes.client.openapi.models.V1Container","God Class","Understandability, Maintainability"
"io.kubernetes.client.openapi.models.V1Container","Insufficient Modularization","Modularity, Maintainability"
"io.kubernetes.client.openapi.models.V1ContainerState","Insufficient Modularization","Modularity, Maintainability"
"io.kubernetes.client.openapi.models.V1ContainerState","Multifaceted Abstraction","Cohesion"
"io.kubernetes.client.openapi.models.V1ControllerRevisionList","Insufficient Modularization","Modularity, Maintainability"
"io.kubernetes.client.openapi.models.V1ControllerRevisionList","Multifaceted Abstraction","Cohesion"
"io.kubernetes.client.openapi.models.V1CronJobList","Insufficient Modularization","Modularity, Maintainability"
"io.kubernetes.client.openapi.models.V1CronJobList","Multifaceted Abstraction","Cohesion"
"io.kubernetes.client.openapi.models.V1CronJobStatus","Insufficient Modularization","Modularity, Maintainability"
"io.kubernetes.client.openapi.models.V1CronJobStatus","Multifaceted Abstraction","Cohesion"
"io.kubernetes.client.openapi.models.V1CrossVersionObjectReference","Insufficient Modularization","Modularity, Maintainability"
"io.kubernetes.client.openapi.models.V1CrossVersionObjectReference","Multifaceted Abstraction","Cohesion"
"io.kubernetes.client.openapi.models.V1CSIDriverList","Insufficient Modularization","Modularity, Maintainability"
"io.kubernetes.client.openapi.models.V1CSIDriverList","Multifaceted Abstraction","Cohesion"
"io.kubernetes.client.openapi.models.V1CSINodeDriver","Insufficient Modularization","Modularity, Maintainability"
"io.kubernetes.client.openapi.models.V1CSINodeDriver","Multifaceted Abstraction","Cohesion"
"io.kubernetes.client.openapi.models.V1CSINodeList","Insufficient Modularization","Modularity, Maintainability"
"io.kubernetes.client.openapi.models.V1CSINodeList","Multifaceted Abstraction","Cohesion"
"io.kubernetes.client.openapi.models.V1CSIStorageCapacityList","Insufficient Modularization","Modularity, Maintainability"
"io.kubernetes.client.openapi.models.V1CSIStorageCapacityList","Multifaceted Abstraction","Cohesion"
"io.kubernetes.client.openapi.models.V1CustomResourceDefinitionList","Insufficient Modularization","Modularity, Maintainability"
"io.kubernetes.client.openapi.models.V1CustomResourceDefinitionList","Multifaceted Abstraction","Cohesion"
"io.kubernetes.client.openapi.models.V1CustomResourceDefinitionStatus","Insufficient Modularization","Modularity, Maintainability"
"io.kubernetes.client.openapi.models.V1CustomResourceDefinitionStatus","Multifaceted Abstraction","Cohesion"
"io.kubernetes.client.openapi.models.V1CustomResourceSubresourceScale","Insufficient Modularization","Modularity, Maintainability"
"io.kubernetes.client.openapi.models.V1CustomResourceSubresourceScale","Multifaceted Abstraction","Cohesion"
"io.kubernetes.client.openapi.models.V1DaemonSetList","Insufficient Modularization","Modularity, Maintainability"
"io.kubernetes.client.openapi.models.V1DaemonSetList","Multifaceted Abstraction","Cohesion"
"io.kubernetes.client.openapi.models.V1DeploymentList","Insufficient Modularization","Modularity, Maintainability"
"io.kubernetes.client.openapi.models.V1DeploymentList","Multifaceted Abstraction","Cohesion"
"io.kubernetes.client.openapi.models.V1Endpoint","Insufficient Modularization","Modularity, Maintainability"
"io.kubernetes.client.openapi.models.V1Endpoint","Multifaceted Abstraction","Cohesion"
"io.kubernetes.client.openapi.models.V1EndpointConditions","Insufficient Modularization","Modularity, Maintainability"
"io.kubernetes.client.openapi.models.V1EndpointConditions","Multifaceted Abstraction","Cohesion"
"io.kubernetes.client.openapi.models.V1Endpoints","Insufficient Modularization","Modularity, Maintainability"
"io.kubernetes.client.openapi.models.V1Endpoints","Multifaceted Abstraction","Cohesion"
"io.kubernetes.client.openapi.models.V1EndpointSliceList","Insufficient Modularization","Modularity, Maintainability"
"io.kubernetes.client.openapi.models.V1EndpointSliceList","Multifaceted Abstraction","Cohesion"
"io.kubernetes.client.openapi.models.V1EndpointsList","Insufficient Modularization","Modularity, Maintainability"
"io.kubernetes.client.openapi.models.V1EndpointsList","Multifaceted Abstraction","Cohesion"
"io.kubernetes.client.openapi.models.V1EndpointSubset","Insufficient Modularization","Modularity, Maintainability"
"io.kubernetes.client.openapi.models.V1EndpointSubset","Multifaceted Abstraction","Cohesion"
"io.kubernetes.client.openapi.models.V1EnvFromSource","Insufficient Modularization","Modularity, Maintainability"
"io.kubernetes.client.openapi.models.V1EnvFromSource","Multifaceted Abstraction","Cohesion"
"io.kubernetes.client.openapi.models.V1EnvVar","Insufficient Modularization","Modularity, Maintainability"
"io.kubernetes.client.openapi.models.V1EnvVar","Multifaceted Abstraction","Cohesion"
"io.kubernetes.client.openapi.models.V1EphemeralContainer","God Class","Understandability, Maintainability"
"io.kubernetes.client.openapi.models.V1EphemeralContainer","Insufficient Modularization","Modularity, Maintainability"
"io.kubernetes.client.openapi.models.V1GitRepoVolumeSource","Insufficient Modularization","Modularity, Maintainability"
"io.kubernetes.client.openapi.models.V1GitRepoVolumeSource","Multifaceted Abstraction","Cohesion"
"io.kubernetes.client.openapi.models.V1GlusterfsVolumeSource","Insufficient Modularization","Modularity, Maintainability"
"io.kubernetes.client.openapi.models.V1GlusterfsVolumeSource","Multifaceted Abstraction","Cohesion"
"io.kubernetes.client.openapi.models.V1HorizontalPodAutoscalerList","Insufficient Modularization","Modularity, Maintainability"
"io.kubernetes.client.openapi.models.V1HorizontalPodAutoscalerList","Multifaceted Abstraction","Cohesion"
"io.kubernetes.client.openapi.models.V1HTTPIngressPath","Insufficient Modularization","Modularity, Maintainability"
"io.kubernetes.client.openapi.models.V1HTTPIngressPath","Multifaceted Abstraction","Cohesion"
"io.kubernetes.client.openapi.models.V1IngressClassList","Insufficient Modularization","Modularity, Maintainability"
"io.kubernetes.client.openapi.models.V1IngressClassList","Multifaceted Abstraction","Cohesion"
"io.kubernetes.client.openapi.models.V1IngressList","Insufficient Modularization","Modularity, Maintainability"
"io.kubernetes.client.openapi.models.V1IngressList","Multifaceted Abstraction","Cohesion"
"io.kubernetes.client.openapi.models.V1IngressLoadBalancerIngress","Insufficient Modularization","Modularity, Maintainability"
"io.kubernetes.client.openapi.models.V1IngressLoadBalancerIngress","Multifaceted Abstraction","Cohesion"
"io.kubernetes.client.openapi.models.V1IngressPortStatus","Insufficient Modularization","Modularity, Maintainability"
"io.kubernetes.client.openapi.models.V1IngressPortStatus","Multifaceted Abstraction","Cohesion"
"io.kubernetes.client.openapi.models.V1IngressSpec","Insufficient Modularization","Modularity, Maintainability"
"io.kubernetes.client.openapi.models.V1IngressSpec","Multifaceted Abstraction","Cohesion"
"io.kubernetes.client.openapi.models.V1JobList","Insufficient Modularization","Modularity, Maintainability"
"io.kubernetes.client.openapi.models.V1JobList","Multifaceted Abstraction","Cohesion"
"io.kubernetes.client.openapi.models.V1JSONSchemaProps","God Class","Understandability, Maintainability"
"io.kubernetes.client.openapi.models.V1JSONSchemaProps","Insufficient Modularization","Modularity, Maintainability"
"io.kubernetes.client.openapi.models.V1KeyToPath","Insufficient Modularization","Modularity, Maintainability"
"io.kubernetes.client.openapi.models.V1KeyToPath","Multifaceted Abstraction","Cohesion"
"io.kubernetes.client.openapi.models.V1LabelSelectorRequirement","Insufficient Modularization","Modularity, Maintainability"
"io.kubernetes.client.openapi.models.V1LabelSelectorRequirement","Multifaceted Abstraction","Cohesion"
"io.kubernetes.client.openapi.models.V1LeaseList","Insufficient Modularization","Modularity, Maintainability"
"io.kubernetes.client.openapi.models.V1LeaseList","Multifaceted Abstraction","Cohesion"
"io.kubernetes.client.openapi.models.V1LifecycleHandler","Insufficient Modularization","Modularity, Maintainability"
"io.kubernetes.client.openapi.models.V1LifecycleHandler","Multifaceted Abstraction","Cohesion"
"io.kubernetes.client.openapi.models.V1LimitRangeItem","Insufficient Modularization","Modularity, Maintainability"
"io.kubernetes.client.openapi.models.V1LimitRangeItem","Multifaceted Abstraction","Cohesion"
"io.kubernetes.client.openapi.models.V1LimitRangeList","Insufficient Modularization","Modularity, Maintainability"
"io.kubernetes.client.openapi.models.V1LimitRangeList","Multifaceted Abstraction","Cohesion"
"io.kubernetes.client.openapi.models.V1LoadBalancerIngress","Insufficient Modularization","Modularity, Maintainability"
"io.kubernetes.client.openapi.models.V1LoadBalancerIngress","Multifaceted Abstraction","Cohesion"
"io.kubernetes.client.openapi.models.V1MutatingWebhookConfiguration","Insufficient Modularization","Modularity, Maintainability"
"io.kubernetes.client.openapi.models.V1MutatingWebhookConfiguration","Multifaceted Abstraction","Cohesion"
"io.kubernetes.client.openapi.models.V1MutatingWebhookConfigurationList","Insufficient Modularization","Modularity, Maintainability"
"io.kubernetes.client.openapi.models.V1MutatingWebhookConfigurationList","Multifaceted Abstraction","Cohesion"
"io.kubernetes.client.openapi.models.V1NamespaceList","Insufficient Modularization","Modularity, Maintainability"
"io.kubernetes.client.openapi.models.V1NamespaceList","Multifaceted Abstraction","Cohesion"
"io.kubernetes.client.openapi.models.V1NetworkPolicyList","Insufficient Modularization","Modularity, Maintainability"
"io.kubernetes.client.openapi.models.V1NetworkPolicyList","Multifaceted Abstraction","Cohesion"
"io.kubernetes.client.openapi.models.V1NetworkPolicyPeer","Insufficient Modularization","Modularity, Maintainability"
"io.kubernetes.client.openapi.models.V1NetworkPolicyPeer","Multifaceted Abstraction","Cohesion"
"io.kubernetes.client.openapi.models.V1NetworkPolicyPort","Insufficient Modularization","Modularity, Maintainability"
"io.kubernetes.client.openapi.models.V1NetworkPolicyPort","Multifaceted Abstraction","Cohesion"
"io.kubernetes.client.openapi.models.V1NetworkPolicySpec","Insufficient Modularization","Modularity, Maintainability"
"io.kubernetes.client.openapi.models.V1NetworkPolicySpec","Multifaceted Abstraction","Cohesion"
"io.kubernetes.client.openapi.models.V1NFSVolumeSource","Insufficient Modularization","Modularity, Maintainability"
"io.kubernetes.client.openapi.models.V1NFSVolumeSource","Multifaceted Abstraction","Cohesion"
"io.kubernetes.client.openapi.models.V1NodeList","Insufficient Modularization","Modularity, Maintainability"
"io.kubernetes.client.openapi.models.V1NodeList","Multifaceted Abstraction","Cohesion"
"io.kubernetes.client.openapi.models.V1NodeSelectorRequirement","Insufficient Modularization","Modularity, Maintainability"
"io.kubernetes.client.openapi.models.V1NodeSelectorRequirement","Multifaceted Abstraction","Cohesion"
"io.kubernetes.client.openapi.models.V1PersistentVolumeClaimList","Insufficient Modularization","Modularity, Maintainability"
"io.kubernetes.client.openapi.models.V1PersistentVolumeClaimList","Multifaceted Abstraction","Cohesion"
"io.kubernetes.client.openapi.models.V1PersistentVolumeClaimStatus","Insufficient Modularization","Modularity, Maintainability"
"io.kubernetes.client.openapi.models.V1PersistentVolumeClaimStatus","Multifaceted Abstraction","Cohesion"
"io.kubernetes.client.openapi.models.V1PersistentVolumeList","Insufficient Modularization","Modularity, Maintainability"
"io.kubernetes.client.openapi.models.V1PersistentVolumeList","Multifaceted Abstraction","Cohesion"
"io.kubernetes.client.openapi.models.V1PersistentVolumeSpec","God Class","Understandability, Maintainability"
"io.kubernetes.client.openapi.models.V1PersistentVolumeSpec","Insufficient Modularization","Modularity, Maintainability"
"io.kubernetes.client.openapi.models.V1PodAffinityTerm","Insufficient Modularization","Modularity, Maintainability"
"io.kubernetes.client.openapi.models.V1PodAffinityTerm","Multifaceted Abstraction","Cohesion"
"io.kubernetes.client.openapi.models.V1PodDisruptionBudgetList","Insufficient Modularization","Modularity, Maintainability"
"io.kubernetes.client.openapi.models.V1PodDisruptionBudgetList","Multifaceted Abstraction","Cohesion"
"io.kubernetes.client.openapi.models.V1PodDNSConfig","Insufficient Modularization","Modularity, Maintainability"
"io.kubernetes.client.openapi.models.V1PodDNSConfig","Multifaceted Abstraction","Cohesion"
"io.kubernetes.client.openapi.models.V1PodFailurePolicyOnExitCodesRequirement","Insufficient Modularization","Modularity, Maintainability"
"io.kubernetes.client.openapi.models.V1PodFailurePolicyOnExitCodesRequirement","Multifaceted Abstraction","Cohesion"
"io.kubernetes.client.openapi.models.V1PodFailurePolicyRule","Insufficient Modularization","Modularity, Maintainability"
"io.kubernetes.client.openapi.models.V1PodFailurePolicyRule","Multifaceted Abstraction","Cohesion"
"io.kubernetes.client.openapi.models.V1PodList","Insufficient Modularization","Modularity, Maintainability"
"io.kubernetes.client.openapi.models.V1PodList","Multifaceted Abstraction","Cohesion"
"io.kubernetes.client.openapi.models.V1PodSpec","God Class","Understandability, Maintainability"
"io.kubernetes.client.openapi.models.V1PodSpec","Insufficient Modularization","Modularity, Maintainability"
"io.kubernetes.client.openapi.models.V1PodStatus","God Class","Understandability, Maintainability"
"io.kubernetes.client.openapi.models.V1PodStatus","Insufficient Modularization","Modularity, Maintainability"
"io.kubernetes.client.openapi.models.V1PodTemplateList","Insufficient Modularization","Modularity, Maintainability"
"io.kubernetes.client.openapi.models.V1PodTemplateList","Multifaceted Abstraction","Cohesion"
"io.kubernetes.client.openapi.models.V1PolicyRule","Insufficient Modularization","Modularity, Maintainability"
"io.kubernetes.client.openapi.models.V1PolicyRule","Multifaceted Abstraction","Cohesion"
"io.kubernetes.client.openapi.models.V1PortStatus","Insufficient Modularization","Modularity, Maintainability"
"io.kubernetes.client.openapi.models.V1PortStatus","Multifaceted Abstraction","Cohesion"
"io.kubernetes.client.openapi.models.V1PortworxVolumeSource","Insufficient Modularization","Modularity, Maintainability"
"io.kubernetes.client.openapi.models.V1PortworxVolumeSource","Multifaceted Abstraction","Cohesion"
"io.kubernetes.client.openapi.models.V1PriorityClassList","Insufficient Modularization","Modularity, Maintainability"
"io.kubernetes.client.openapi.models.V1PriorityClassList","Multifaceted Abstraction","Cohesion"
"io.kubernetes.client.openapi.models.V1ReplicaSetList","Insufficient Modularization","Modularity, Maintainability"
"io.kubernetes.client.openapi.models.V1ReplicaSetList","Multifaceted Abstraction","Cohesion"
"io.kubernetes.client.openapi.models.V1ReplicationControllerList","Insufficient Modularization","Modularity, Maintainability"
"io.kubernetes.client.openapi.models.V1ReplicationControllerList","Multifaceted Abstraction","Cohesion"
"io.kubernetes.client.openapi.models.V1ReplicationControllerSpec","Insufficient Modularization","Modularity, Maintainability"
"io.kubernetes.client.openapi.models.V1ReplicationControllerSpec","Multifaceted Abstraction","Cohesion"
"io.kubernetes.client.openapi.models.V1ResourceFieldSelector","Insufficient Modularization","Modularity, Maintainability"
"io.kubernetes.client.openapi.models.V1ResourceFieldSelector","Multifaceted Abstraction","Cohesion"
"io.kubernetes.client.openapi.models.V1ResourceQuotaList","Insufficient Modularization","Modularity, Maintainability"
"io.kubernetes.client.openapi.models.V1ResourceQuotaList","Multifaceted Abstraction","Cohesion"
"io.kubernetes.client.openapi.models.V1ResourceQuotaSpec","Insufficient Modularization","Modularity, Maintainability"
"io.kubernetes.client.openapi.models.V1ResourceQuotaSpec","Multifaceted Abstraction","Cohesion"
"io.kubernetes.client.openapi.models.V1ResourceRequirements","Insufficient Modularization","Modularity, Maintainability"
"io.kubernetes.client.openapi.models.V1ResourceRequirements","Multifaceted Abstraction","Cohesion"
"io.kubernetes.client.openapi.models.V1ResourceRule","Insufficient Modularization","Modularity, Maintainability"
"io.kubernetes.client.openapi.models.V1ResourceRule","Multifaceted Abstraction","Cohesion"
"io.kubernetes.client.openapi.models.V1Role","Insufficient Modularization","Modularity, Maintainability"
"io.kubernetes.client.openapi.models.V1Role","Multifaceted Abstraction","Cohesion"
"io.kubernetes.client.openapi.models.V1RoleBindingList","Insufficient Modularization","Modularity, Maintainability"
"io.kubernetes.client.openapi.models.V1RoleBindingList","Multifaceted Abstraction","Cohesion"
"io.kubernetes.client.openapi.models.V1RoleList","Insufficient Modularization","Modularity, Maintainability"
"io.kubernetes.client.openapi.models.V1RoleList","Multifaceted Abstraction","Cohesion"
"io.kubernetes.client.openapi.models.V1RoleRef","Insufficient Modularization","Modularity, Maintainability"
"io.kubernetes.client.openapi.models.V1RoleRef","Multifaceted Abstraction","Cohesion"
"io.kubernetes.client.openapi.models.V1RuleWithOperations","Insufficient Modularization","Modularity, Maintainability"
"io.kubernetes.client.openapi.models.V1RuleWithOperations","Multifaceted Abstraction","Cohesion"
"io.kubernetes.client.openapi.models.V1RuntimeClassList","Insufficient Modularization","Modularity, Maintainability"
"io.kubernetes.client.openapi.models.V1RuntimeClassList","Multifaceted Abstraction","Cohesion"
"io.kubernetes.client.openapi.models.V1ScopedResourceSelectorRequirement","Insufficient Modularization","Modularity, Maintainability"
"io.kubernetes.client.openapi.models.V1ScopedResourceSelectorRequirement","Multifaceted Abstraction","Cohesion"
"io.kubernetes.client.openapi.models.V1SecretKeySelector","Insufficient Modularization","Modularity, Maintainability"
"io.kubernetes.client.openapi.models.V1SecretKeySelector","Multifaceted Abstraction","Cohesion"
"io.kubernetes.client.openapi.models.V1SecretList","Insufficient Modularization","Modularity, Maintainability"
"io.kubernetes.client.openapi.models.V1SecretList","Multifaceted Abstraction","Cohesion"
"io.kubernetes.client.openapi.models.V1SecretProjection","Insufficient Modularization","Modularity, Maintainability"
"io.kubernetes.client.openapi.models.V1SecretProjection","Multifaceted Abstraction","Cohesion"
"io.kubernetes.client.openapi.models.V1SecretVolumeSource","Insufficient Modularization","Modularity, Maintainability"
"io.kubernetes.client.openapi.models.V1SecretVolumeSource","Multifaceted Abstraction","Cohesion"
"io.kubernetes.client.openapi.models.V1ServiceAccountList","Insufficient Modularization","Modularity, Maintainability"
"io.kubernetes.client.openapi.models.V1ServiceAccountList","Multifaceted Abstraction","Cohesion"
"io.kubernetes.client.openapi.models.V1ServiceAccountTokenProjection","Insufficient Modularization","Modularity, Maintainability"
"io.kubernetes.client.openapi.models.V1ServiceAccountTokenProjection","Multifaceted Abstraction","Cohesion"
"io.kubernetes.client.openapi.models.V1ServiceList","Insufficient Modularization","Modularity, Maintainability"
"io.kubernetes.client.openapi.models.V1ServiceList","Multifaceted Abstraction","Cohesion"
"io.kubernetes.client.openapi.models.V1ServiceSpec","God Class","Understandability, Maintainability"
"io.kubernetes.client.openapi.models.V1ServiceSpec","Insufficient Modularization","Modularity, Maintainability"
"io.kubernetes.client.openapi.models.V1StatefulSetList","Insufficient Modularization","Modularity, Maintainability"
"io.kubernetes.client.openapi.models.V1StatefulSetList","Multifaceted Abstraction","Cohesion"
"io.kubernetes.client.openapi.models.V1Status","Insufficient Modularization","Modularity, Maintainability"
"io.kubernetes.client.openapi.models.V1Status","Cyclically-dependent Modularization","Modularity"
"io.kubernetes.client.openapi.models.V1StatusCause","Insufficient Modularization","Modularity, Maintainability"
"io.kubernetes.client.openapi.models.V1StatusCause","Multifaceted Abstraction","Cohesion"
"io.kubernetes.client.openapi.models.V1StorageClassList","Insufficient Modularization","Modularity, Maintainability"
"io.kubernetes.client.openapi.models.V1StorageClassList","Multifaceted Abstraction","Cohesion"
"io.kubernetes.client.openapi.models.V1SubjectAccessReviewSpec","Insufficient Modularization","Modularity, Maintainability"
"io.kubernetes.client.openapi.models.V1SubjectAccessReviewSpec","Multifaceted Abstraction","Cohesion"
"io.kubernetes.client.openapi.models.V1SubjectRulesReviewStatus","Insufficient Modularization","Modularity, Maintainability"
"io.kubernetes.client.openapi.models.V1SubjectRulesReviewStatus","Multifaceted Abstraction","Cohesion"
"io.kubernetes.client.openapi.models.V1TokenRequestSpec","Insufficient Modularization","Modularity, Maintainability"
"io.kubernetes.client.openapi.models.V1TokenRequestSpec","Multifaceted Abstraction","Cohesion"
"io.kubernetes.client.openapi.models.V1TokenReviewStatus","Insufficient Modularization","Modularity, Maintainability"
"io.kubernetes.client.openapi.models.V1TokenReviewStatus","Multifaceted Abstraction","Cohesion"
"io.kubernetes.client.openapi.models.V1TypedLocalObjectReference","Insufficient Modularization","Modularity, Maintainability"
"io.kubernetes.client.openapi.models.V1TypedLocalObjectReference","Multifaceted Abstraction","Cohesion"
"io.kubernetes.client.openapi.models.V1UserInfo","Insufficient Modularization","Modularity, Maintainability"
"io.kubernetes.client.openapi.models.V1UserInfo","Multifaceted Abstraction","Cohesion"
"io.kubernetes.client.openapi.models.V1ValidatingWebhookConfiguration","Insufficient Modularization","Modularity, Maintainability"
"io.kubernetes.client.openapi.models.V1ValidatingWebhookConfiguration","Multifaceted Abstraction","Cohesion"
"io.kubernetes.client.openapi.models.V1ValidatingWebhookConfigurationList","Insufficient Modularization","Modularity, Maintainability"
"io.kubernetes.client.openapi.models.V1ValidatingWebhookConfigurationList","Multifaceted Abstraction","Cohesion"
"io.kubernetes.client.openapi.models.V1Volume","God Class","Understandability, Maintainability"
"io.kubernetes.client.openapi.models.V1Volume","Insufficient Modularization","Modularity, Maintainability"
"io.kubernetes.client.openapi.models.V1VolumeAttachmentList","Insufficient Modularization","Modularity, Maintainability"
"io.kubernetes.client.openapi.models.V1VolumeAttachmentList","Multifaceted Abstraction","Cohesion"
"io.kubernetes.client.openapi.models.V1VolumeAttachmentSpec","Insufficient Modularization","Modularity, Maintainability"
"io.kubernetes.client.openapi.models.V1VolumeAttachmentSpec","Multifaceted Abstraction","Cohesion"
"io.kubernetes.client.openapi.models.V1VolumeAttachmentStatus","Insufficient Modularization","Modularity, Maintainability"
"io.kubernetes.client.openapi.models.V1VolumeAttachmentStatus","Multifaceted Abstraction","Cohesion"
"io.kubernetes.client.openapi.models.V2ContainerResourceMetricSource","Insufficient Modularization","Modularity, Maintainability"
"io.kubernetes.client.openapi.models.V2ContainerResourceMetricSource","Multifaceted Abstraction","Cohesion"
"io.kubernetes.client.openapi.models.V2ContainerResourceMetricStatus","Insufficient Modularization","Modularity, Maintainability"
"io.kubernetes.client.openapi.models.V2ContainerResourceMetricStatus","Multifaceted Abstraction","Cohesion"
"io.kubernetes.client.openapi.models.V2CrossVersionObjectReference","Insufficient Modularization","Modularity, Maintainability"
"io.kubernetes.client.openapi.models.V2CrossVersionObjectReference","Multifaceted Abstraction","Cohesion"
"io.kubernetes.client.openapi.models.V2HorizontalPodAutoscalerList","Insufficient Modularization","Modularity, Maintainability"
"io.kubernetes.client.openapi.models.V2HorizontalPodAutoscalerList","Multifaceted Abstraction","Cohesion"
"io.kubernetes.client.openapi.models.V2HPAScalingPolicy","Insufficient Modularization","Modularity, Maintainability"
"io.kubernetes.client.openapi.models.V2HPAScalingPolicy","Multifaceted Abstraction","Cohesion"
"io.kubernetes.client.openapi.models.V2HPAScalingRules","Insufficient Modularization","Modularity, Maintainability"
"io.kubernetes.client.openapi.models.V2HPAScalingRules","Multifaceted Abstraction","Cohesion"
"io.kubernetes.client.openapi.models.V2MetricValueStatus","Insufficient Modularization","Modularity, Maintainability"
"io.kubernetes.client.openapi.models.V2MetricValueStatus","Multifaceted Abstraction","Cohesion"
"io.kubernetes.client.openapi.models.V2ObjectMetricSource","Insufficient Modularization","Modularity, Maintainability"
"io.kubernetes.client.openapi.models.V2ObjectMetricSource","Multifaceted Abstraction","Cohesion"
"io.kubernetes.client.openapi.models.V2ObjectMetricStatus","Insufficient Modularization","Modularity, Maintainability"
"io.kubernetes.client.openapi.models.V2ObjectMetricStatus","Multifaceted Abstraction","Cohesion"
"io.kubernetes.client.openapi.apis.AdmissionregistrationApi","Insufficient Modularization","Modularity, Maintainability"
"io.kubernetes.client.openapi.apis.ApiextensionsApi","Insufficient Modularization","Modularity, Maintainability"
"io.kubernetes.client.openapi.apis.ApiregistrationApi","Insufficient Modularization","Modularity, Maintainability"
"io.kubernetes.client.openapi.apis.ApisApi","Insufficient Modularization","Modularity, Maintainability"
"io.kubernetes.client.openapi.apis.AppsApi","Insufficient Modularization","Modularity, Maintainability"
"io.kubernetes.client.openapi.apis.AuthenticationApi","Insufficient Modularization","Modularity, Maintainability"
"io.kubernetes.client.openapi.apis.AuthorizationApi","Insufficient Modularization","Modularity, Maintainability"
"io.kubernetes.client.openapi.apis.AutoscalingApi","Insufficient Modularization","Modularity, Maintainability"
"io.kubernetes.client.openapi.apis.BatchApi","Insufficient Modularization","Modularity, Maintainability"
"io.kubernetes.client.openapi.apis.CertificatesApi","Insufficient Modularization","Modularity, Maintainability"
"io.kubernetes.client.openapi.apis.CoordinationApi","Insufficient Modularization","Modularity, Maintainability"
"io.kubernetes.client.openapi.apis.CoreApi","Insufficient Modularization","Modularity, Maintainability"
"io.kubernetes.client.openapi.apis.DiscoveryApi","Insufficient Modularization","Modularity, Maintainability"
"io.kubernetes.client.openapi.apis.EventsApi","Insufficient Modularization","Modularity, Maintainability"
"io.kubernetes.client.openapi.apis.FlowcontrolApiserverApi","Insufficient Modularization","Modularity, Maintainability"
"io.kubernetes.client.openapi.apis.InternalApiserverApi","Insufficient Modularization","Modularity, Maintainability"
"io.kubernetes.client.openapi.apis.LogsApi","Insufficient Modularization","Modularity, Maintainability"
"io.kubernetes.client.openapi.apis.NetworkingApi","Insufficient Modularization","Modularity, Maintainability"
"io.kubernetes.client.openapi.apis.NodeApi","Insufficient Modularization","Modularity, Maintainability"
"io.kubernetes.client.openapi.apis.OpenidApi","Insufficient Modularization","Modularity, Maintainability"
"io.kubernetes.client.openapi.apis.PolicyApi","Insufficient Modularization","Modularity, Maintainability"
"io.kubernetes.client.openapi.apis.RbacAuthorizationApi","Insufficient Modularization","Modularity, Maintainability"
"io.kubernetes.client.openapi.apis.ResourceApi","Insufficient Modularization","Modularity, Maintainability"
"io.kubernetes.client.openapi.apis.SchedulingApi","Insufficient Modularization","Modularity, Maintainability"
"io.kubernetes.client.openapi.apis.StorageApi","Insufficient Modularization","Modularity, Maintainability"
"io.kubernetes.client.openapi.apis.VersionApi","Insufficient Modularization","Modularity, Maintainability"
"io.kubernetes.client.openapi.apis.WellKnownApi","Insufficient Modularization","Modularity, Maintainability"
"io.kubernetes.client.openapi.models.AdmissionregistrationV1ServiceReference","Insufficient Modularization","Modularity, Maintainability"
"io.kubernetes.client.openapi.models.ApiextensionsV1ServiceReference","Insufficient Modularization","Modularity, Maintainability"
"io.kubernetes.client.openapi.models.AuthenticationV1TokenRequest","Insufficient Modularization","Modularity, Maintainability"
"io.kubernetes.client.openapi.models.CoreV1EndpointPort","Insufficient Modularization","Modularity, Maintainability"
"io.kubernetes.client.openapi.models.CoreV1Event","Insufficient Modularization","Modularity, Maintainability"
"io.kubernetes.client.openapi.models.CoreV1EventSeries","Insufficient Modularization","Modularity, Maintainability"
"io.kubernetes.client.openapi.models.DiscoveryV1EndpointPort","Insufficient Modularization","Modularity, Maintainability"
"io.kubernetes.client.openapi.models.EventsV1Event","Insufficient Modularization","Modularity, Maintainability"
"io.kubernetes.client.openapi.models.EventsV1EventSeries","Insufficient Modularization","Modularity, Maintainability"
"io.kubernetes.client.openapi.models.StorageV1TokenRequest","Insufficient Modularization","Modularity, Maintainability"
"io.kubernetes.client.openapi.models.V1AggregationRule","Insufficient Modularization","Modularity, Maintainability"
"io.kubernetes.client.openapi.models.V1alpha1AuditAnnotation","Insufficient Modularization","Modularity, Maintainability"
"io.kubernetes.client.openapi.models.V1alpha1ClusterCIDR","Insufficient Modularization","Modularity, Maintainability"
"io.kubernetes.client.openapi.models.V1alpha1ClusterCIDRSpec","Insufficient Modularization","Modularity, Maintainability"
"io.kubernetes.client.openapi.models.V1alpha1ClusterTrustBundle","Insufficient Modularization","Modularity, Maintainability"
"io.kubernetes.client.openapi.models.V1alpha1ClusterTrustBundleSpec","Insufficient Modularization","Modularity, Maintainability"
"io.kubernetes.client.openapi.models.V1alpha1ExpressionWarning","Insufficient Modularization","Modularity, Maintainability"
"io.kubernetes.client.openapi.models.V1alpha1IPAddress","Insufficient Modularization","Modularity, Maintainability"
"io.kubernetes.client.openapi.models.V1alpha1IPAddressSpec","Insufficient Modularization","Modularity, Maintainability"
"io.kubernetes.client.openapi.models.V1alpha1MatchCondition","Insufficient Modularization","Modularity, Maintainability"
"io.kubernetes.client.openapi.models.V1alpha1MatchResources","Insufficient Modularization","Modularity, Maintainability"
"io.kubernetes.client.openapi.models.V1alpha1ParamKind","Insufficient Modularization","Modularity, Maintainability"
"io.kubernetes.client.openapi.models.V1alpha1ParamRef","Insufficient Modularization","Modularity, Maintainability"
"io.kubernetes.client.openapi.models.V1alpha1ParentReference","Insufficient Modularization","Modularity, Maintainability"
"io.kubernetes.client.openapi.models.V1alpha1SelfSubjectReview","Insufficient Modularization","Modularity, Maintainability"
"io.kubernetes.client.openapi.models.V1alpha1SelfSubjectReviewStatus","Insufficient Modularization","Modularity, Maintainability"
"io.kubernetes.client.openapi.models.V1alpha1StorageVersion","Insufficient Modularization","Modularity, Maintainability"
"io.kubernetes.client.openapi.models.V1alpha1StorageVersionCondition","Insufficient Modularization","Modularity, Maintainability"
"io.kubernetes.client.openapi.models.V1alpha1TypeChecking","Insufficient Modularization","Modularity, Maintainability"
"io.kubernetes.client.openapi.models.V1alpha1ValidatingAdmissionPolicy","Insufficient Modularization","Modularity, Maintainability"
"io.kubernetes.client.openapi.models.V1alpha1ValidatingAdmissionPolicyBinding","Insufficient Modularization","Modularity, Maintainability"
"io.kubernetes.client.openapi.models.V1alpha1ValidatingAdmissionPolicySpec","Insufficient Modularization","Modularity, Maintainability"
"io.kubernetes.client.openapi.models.V1alpha1Validation","Insufficient Modularization","Modularity, Maintainability"
"io.kubernetes.client.openapi.models.V1alpha1Variable","Insufficient Modularization","Modularity, Maintainability"
"io.kubernetes.client.openapi.models.V1alpha2PodSchedulingContext","Insufficient Modularization","Modularity, Maintainability"
"io.kubernetes.client.openapi.models.V1alpha2PodSchedulingContextSpec","Insufficient Modularization","Modularity, Maintainability"
"io.kubernetes.client.openapi.models.V1alpha2PodSchedulingContextStatus","Insufficient Modularization","Modularity, Maintainability"
"io.kubernetes.client.openapi.models.V1alpha2ResourceClaim","Insufficient Modularization","Modularity, Maintainability"
"io.kubernetes.client.openapi.models.V1alpha2ResourceClaimConsumerReference","Insufficient Modularization","Modularity, Maintainability"
"io.kubernetes.client.openapi.models.V1alpha2ResourceClaimSchedulingStatus","Insufficient Modularization","Modularity, Maintainability"
"io.kubernetes.client.openapi.models.V1alpha2ResourceClaimTemplate","Insufficient Modularization","Modularity, Maintainability"
"io.kubernetes.client.openapi.models.V1alpha2ResourceClaimTemplateSpec","Insufficient Modularization","Modularity, Maintainability"
"io.kubernetes.client.openapi.models.V1alpha2ResourceClass","Insufficient Modularization","Modularity, Maintainability"
"io.kubernetes.client.openapi.models.V1alpha2ResourceClassParametersReference","Insufficient Modularization","Modularity, Maintainability"
"io.kubernetes.client.openapi.models.V1alpha2ResourceHandle","Insufficient Modularization","Modularity, Maintainability"
"io.kubernetes.client.openapi.models.V1APIGroup","Insufficient Modularization","Modularity, Maintainability"
"io.kubernetes.client.openapi.models.V1APIResource","Insufficient Modularization","Modularity, Maintainability"
"io.kubernetes.client.openapi.models.V1APIService","Insufficient Modularization","Modularity, Maintainability"
"io.kubernetes.client.openapi.models.V1APIServiceCondition","Insufficient Modularization","Modularity, Maintainability"
"io.kubernetes.client.openapi.models.V1APIServiceSpec","Insufficient Modularization","Modularity, Maintainability"
"io.kubernetes.client.openapi.models.V1APIServiceStatus","Insufficient Modularization","Modularity, Maintainability"
"io.kubernetes.client.openapi.models.V1AttachedVolume","Insufficient Modularization","Modularity, Maintainability"
"io.kubernetes.client.openapi.models.V1AWSElasticBlockStoreVolumeSource","Insufficient Modularization","Modularity, Maintainability"
"io.kubernetes.client.openapi.models.V1AzureDiskVolumeSource","Insufficient Modularization","Modularity, Maintainability"
"io.kubernetes.client.openapi.models.V1AzureFilePersistentVolumeSource","Insufficient Modularization","Modularity, Maintainability"
"io.kubernetes.client.openapi.models.V1beta1AuditAnnotation","Insufficient Modularization","Modularity, Maintainability"
"io.kubernetes.client.openapi.models.V1beta1ExpressionWarning","Insufficient Modularization","Modularity, Maintainability"
"io.kubernetes.client.openapi.models.V1beta1MatchCondition","Insufficient Modularization","Modularity, Maintainability"
"io.kubernetes.client.openapi.models.V1beta1MatchResources","Insufficient Modularization","Modularity, Maintainability"
"io.kubernetes.client.openapi.models.V1beta1ParamKind","Insufficient Modularization","Modularity, Maintainability"
"io.kubernetes.client.openapi.models.V1beta1ParamRef","Insufficient Modularization","Modularity, Maintainability"
"io.kubernetes.client.openapi.models.V1beta1SelfSubjectReview","Insufficient Modularization","Modularity, Maintainability"
"io.kubernetes.client.openapi.models.V1beta1SelfSubjectReviewStatus","Insufficient Modularization","Modularity, Maintainability"
"io.kubernetes.client.openapi.models.V1beta1TypeChecking","Insufficient Modularization","Modularity, Maintainability"
"io.kubernetes.client.openapi.models.V1beta1ValidatingAdmissionPolicy","Insufficient Modularization","Modularity, Maintainability"
"io.kubernetes.client.openapi.models.V1beta1ValidatingAdmissionPolicyBinding","Insufficient Modularization","Modularity, Maintainability"
"io.kubernetes.client.openapi.models.V1beta1ValidatingAdmissionPolicySpec","Insufficient Modularization","Modularity, Maintainability"
"io.kubernetes.client.openapi.models.V1beta1Validation","Insufficient Modularization","Modularity, Maintainability"
"io.kubernetes.client.openapi.models.V1beta1Variable","Insufficient Modularization","Modularity, Maintainability"
"io.kubernetes.client.openapi.models.V1beta2ExemptPriorityLevelConfiguration","Insufficient Modularization","Modularity, Maintainability"
"io.kubernetes.client.openapi.models.V1beta2FlowDistinguisherMethod","Insufficient Modularization","Modularity, Maintainability"
"io.kubernetes.client.openapi.models.V1beta2FlowSchema","Insufficient Modularization","Modularity, Maintainability"
"io.kubernetes.client.openapi.models.V1beta2FlowSchemaCondition","Insufficient Modularization","Modularity, Maintainability"
"io.kubernetes.client.openapi.models.V1beta2FlowSchemaStatus","Insufficient Modularization","Modularity, Maintainability"
"io.kubernetes.client.openapi.models.V1beta2GroupSubject","Insufficient Modularization","Modularity, Maintainability"
"io.kubernetes.client.openapi.models.V1beta2LimitedPriorityLevelConfiguration","Insufficient Modularization","Modularity, Maintainability"
"io.kubernetes.client.openapi.models.V1beta2LimitResponse","Insufficient Modularization","Modularity, Maintainability"
"io.kubernetes.client.openapi.models.V1beta2NonResourcePolicyRule","Insufficient Modularization","Modularity, Maintainability"
"io.kubernetes.client.openapi.models.V1beta2PriorityLevelConfiguration","Insufficient Modularization","Modularity, Maintainability"
"io.kubernetes.client.openapi.models.V1beta2PriorityLevelConfigurationCondition","Insufficient Modularization","Modularity, Maintainability"
"io.kubernetes.client.openapi.models.V1beta2PriorityLevelConfigurationReference","Insufficient Modularization","Modularity, Maintainability"
"io.kubernetes.client.openapi.models.V1beta2PriorityLevelConfigurationStatus","Insufficient Modularization","Modularity, Maintainability"
"io.kubernetes.client.openapi.models.V1beta2ServiceAccountSubject","Insufficient Modularization","Modularity, Maintainability"
"io.kubernetes.client.openapi.models.V1beta2Subject","Insufficient Modularization","Modularity, Maintainability"
"io.kubernetes.client.openapi.models.V1beta2UserSubject","Insufficient Modularization","Modularity, Maintainability"
"io.kubernetes.client.openapi.models.V1beta3ExemptPriorityLevelConfiguration","Insufficient Modularization","Modularity, Maintainability"
"io.kubernetes.client.openapi.models.V1beta3FlowDistinguisherMethod","Insufficient Modularization","Modularity, Maintainability"
"io.kubernetes.client.openapi.models.V1beta3FlowSchema","Insufficient Modularization","Modularity, Maintainability"
"io.kubernetes.client.openapi.models.V1beta3FlowSchemaCondition","Insufficient Modularization","Modularity, Maintainability"
"io.kubernetes.client.openapi.models.V1beta3FlowSchemaStatus","Insufficient Modularization","Modularity, Maintainability"
"io.kubernetes.client.openapi.models.V1beta3GroupSubject","Insufficient Modularization","Modularity, Maintainability"
"io.kubernetes.client.openapi.models.V1beta3LimitedPriorityLevelConfiguration","Insufficient Modularization","Modularity, Maintainability"
"io.kubernetes.client.openapi.models.V1beta3LimitResponse","Insufficient Modularization","Modularity, Maintainability"
"io.kubernetes.client.openapi.models.V1beta3NonResourcePolicyRule","Insufficient Modularization","Modularity, Maintainability"
"io.kubernetes.client.openapi.models.V1beta3PriorityLevelConfiguration","Insufficient Modularization","Modularity, Maintainability"
"io.kubernetes.client.openapi.models.V1beta3PriorityLevelConfigurationCondition","Insufficient Modularization","Modularity, Maintainability"
"io.kubernetes.client.openapi.models.V1beta3PriorityLevelConfigurationReference","Insufficient Modularization","Modularity, Maintainability"
"io.kubernetes.client.openapi.models.V1beta3PriorityLevelConfigurationStatus","Insufficient Modularization","Modularity, Maintainability"
"io.kubernetes.client.openapi.models.V1beta3ServiceAccountSubject","Insufficient Modularization","Modularity, Maintainability"
"io.kubernetes.client.openapi.models.V1beta3Subject","Insufficient Modularization","Modularity, Maintainability"
"io.kubernetes.client.openapi.models.V1beta3UserSubject","Insufficient Modularization","Modularity, Maintainability"
"io.kubernetes.client.openapi.models.V1Binding","Insufficient Modularization","Modularity, Maintainability"
"io.kubernetes.client.openapi.models.V1BoundObjectReference","Insufficient Modularization","Modularity, Maintainability"
"io.kubernetes.client.openapi.models.V1Capabilities","Insufficient Modularization","Modularity, Maintainability"
"io.kubernetes.client.openapi.models.V1CephFSPersistentVolumeSource","Insufficient Modularization","Modularity, Maintainability"
"io.kubernetes.client.openapi.models.V1CephFSVolumeSource","Insufficient Modularization","Modularity, Maintainability"
"io.kubernetes.client.openapi.models.V1CertificateSigningRequest","Insufficient Modularization","Modularity, Maintainability"
"io.kubernetes.client.openapi.models.V1CertificateSigningRequestCondition","Insufficient Modularization","Modularity, Maintainability"
"io.kubernetes.client.openapi.models.V1CertificateSigningRequestSpec","Insufficient Modularization","Modularity, Maintainability"
"io.kubernetes.client.openapi.models.V1CertificateSigningRequestStatus","Insufficient Modularization","Modularity, Maintainability"
"io.kubernetes.client.openapi.models.V1CinderPersistentVolumeSource","Insufficient Modularization","Modularity, Maintainability"
"io.kubernetes.client.openapi.models.V1CinderVolumeSource","Insufficient Modularization","Modularity, Maintainability"
"io.kubernetes.client.openapi.models.V1ClaimSource","Insufficient Modularization","Modularity, Maintainability"
"io.kubernetes.client.openapi.models.V1ClientIPConfig","Insufficient Modularization","Modularity, Maintainability"
"io.kubernetes.client.openapi.models.V1ClusterRole","Insufficient Modularization","Modularity, Maintainability"
"io.kubernetes.client.openapi.models.V1ClusterRoleBinding","Insufficient Modularization","Modularity, Maintainability"
"io.kubernetes.client.openapi.models.V1ComponentCondition","Insufficient Modularization","Modularity, Maintainability"
"io.kubernetes.client.openapi.models.V1Condition","Insufficient Modularization","Modularity, Maintainability"
"io.kubernetes.client.openapi.models.V1ConfigMapEnvSource","Insufficient Modularization","Modularity, Maintainability"
"io.kubernetes.client.openapi.models.V1ConfigMapNodeConfigSource","Insufficient Modularization","Modularity, Maintainability"
"io.kubernetes.client.openapi.models.V1ContainerImage","Insufficient Modularization","Modularity, Maintainability"
"io.kubernetes.client.openapi.models.V1ContainerPort","Insufficient Modularization","Modularity, Maintainability"
"io.kubernetes.client.openapi.models.V1ContainerResizePolicy","Insufficient Modularization","Modularity, Maintainability"
"io.kubernetes.client.openapi.models.V1ContainerStateRunning","Insufficient Modularization","Modularity, Maintainability"
"io.kubernetes.client.openapi.models.V1ContainerStateTerminated","Insufficient Modularization","Modularity, Maintainability"
"io.kubernetes.client.openapi.models.V1ContainerStateWaiting","Insufficient Modularization","Modularity, Maintainability"
"io.kubernetes.client.openapi.models.V1ContainerStatus","Insufficient Modularization","Modularity, Maintainability"
"io.kubernetes.client.openapi.models.V1ControllerRevision","Insufficient Modularization","Modularity, Maintainability"
"io.kubernetes.client.openapi.models.V1CronJob","Insufficient Modularization","Modularity, Maintainability"
"io.kubernetes.client.openapi.models.V1CronJobSpec","Insufficient Modularization","Modularity, Maintainability"
"io.kubernetes.client.openapi.models.V1CSIDriver","Insufficient Modularization","Modularity, Maintainability"
"io.kubernetes.client.openapi.models.V1CSIDriverSpec","Insufficient Modularization","Modularity, Maintainability"
"io.kubernetes.client.openapi.models.V1CSINode","Insufficient Modularization","Modularity, Maintainability"
"io.kubernetes.client.openapi.models.V1CSINodeSpec","Insufficient Modularization","Modularity, Maintainability"
"io.kubernetes.client.openapi.models.V1CSIPersistentVolumeSource","Insufficient Modularization","Modularity, Maintainability"
"io.kubernetes.client.openapi.models.V1CSIStorageCapacity","Insufficient Modularization","Modularity, Maintainability"
"io.kubernetes.client.openapi.models.V1CSIVolumeSource","Insufficient Modularization","Modularity, Maintainability"
"io.kubernetes.client.openapi.models.V1CustomResourceColumnDefinition","Insufficient Modularization","Modularity, Maintainability"
"io.kubernetes.client.openapi.models.V1CustomResourceConversion","Insufficient Modularization","Modularity, Maintainability"
"io.kubernetes.client.openapi.models.V1CustomResourceDefinition","Insufficient Modularization","Modularity, Maintainability"
"io.kubernetes.client.openapi.models.V1CustomResourceDefinitionCondition","Insufficient Modularization","Modularity, Maintainability"
"io.kubernetes.client.openapi.models.V1CustomResourceDefinitionNames","Insufficient Modularization","Modularity, Maintainability"
"io.kubernetes.client.openapi.models.V1CustomResourceDefinitionSpec","Insufficient Modularization","Modularity, Maintainability"
"io.kubernetes.client.openapi.models.V1CustomResourceDefinitionVersion","Insufficient Modularization","Modularity, Maintainability"
"io.kubernetes.client.openapi.models.V1CustomResourceSubresources","Insufficient Modularization","Modularity, Maintainability"
"io.kubernetes.client.openapi.models.V1CustomResourceValidation","Insufficient Modularization","Modularity, Maintainability"
"io.kubernetes.client.openapi.models.V1DaemonEndpoint","Insufficient Modularization","Modularity, Maintainability"
"io.kubernetes.client.openapi.models.V1DaemonSet","Insufficient Modularization","Modularity, Maintainability"
"io.kubernetes.client.openapi.models.V1DaemonSetCondition","Insufficient Modularization","Modularity, Maintainability"
"io.kubernetes.client.openapi.models.V1DaemonSetSpec","Insufficient Modularization","Modularity, Maintainability"
"io.kubernetes.client.openapi.models.V1DaemonSetStatus","Insufficient Modularization","Modularity, Maintainability"
"io.kubernetes.client.openapi.models.V1DaemonSetUpdateStrategy","Insufficient Modularization","Modularity, Maintainability"
"io.kubernetes.client.openapi.models.V1DeleteOptions","Insufficient Modularization","Modularity, Maintainability"
"io.kubernetes.client.openapi.models.V1Deployment","Insufficient Modularization","Modularity, Maintainability"
"io.kubernetes.client.openapi.models.V1DeploymentCondition","Insufficient Modularization","Modularity, Maintainability"
"io.kubernetes.client.openapi.models.V1DeploymentSpec","Insufficient Modularization","Modularity, Maintainability"
"io.kubernetes.client.openapi.models.V1DeploymentStatus","Insufficient Modularization","Modularity, Maintainability"
"io.kubernetes.client.openapi.models.V1DeploymentStrategy","Insufficient Modularization","Modularity, Maintainability"
"io.kubernetes.client.openapi.models.V1DownwardAPIProjection","Insufficient Modularization","Modularity, Maintainability"
"io.kubernetes.client.openapi.models.V1DownwardAPIVolumeFile","Insufficient Modularization","Modularity, Maintainability"
"io.kubernetes.client.openapi.models.V1DownwardAPIVolumeSource","Insufficient Modularization","Modularity, Maintainability"
"io.kubernetes.client.openapi.models.V1EmptyDirVolumeSource","Insufficient Modularization","Modularity, Maintainability"
"io.kubernetes.client.openapi.models.V1EndpointAddress","Insufficient Modularization","Modularity, Maintainability"
"io.kubernetes.client.openapi.models.V1EndpointHints","Insufficient Modularization","Modularity, Maintainability"
"io.kubernetes.client.openapi.models.V1EndpointSlice","Insufficient Modularization","Modularity, Maintainability"
"io.kubernetes.client.openapi.models.V1EnvVarSource","Insufficient Modularization","Modularity, Maintainability"
"io.kubernetes.client.openapi.models.V1EphemeralVolumeSource","Insufficient Modularization","Modularity, Maintainability"
"io.kubernetes.client.openapi.models.V1EventSource","Insufficient Modularization","Modularity, Maintainability"
"io.kubernetes.client.openapi.models.V1Eviction","Insufficient Modularization","Modularity, Maintainability"
"io.kubernetes.client.openapi.models.V1ExecAction","Insufficient Modularization","Modularity, Maintainability"
"io.kubernetes.client.openapi.models.V1ExternalDocumentation","Insufficient Modularization","Modularity, Maintainability"
"io.kubernetes.client.openapi.models.V1FCVolumeSource","Insufficient Modularization","Modularity, Maintainability"
"io.kubernetes.client.openapi.models.V1FlexPersistentVolumeSource","Insufficient Modularization","Modularity, Maintainability"
"io.kubernetes.client.openapi.models.V1FlexVolumeSource","Insufficient Modularization","Modularity, Maintainability"
"io.kubernetes.client.openapi.models.V1FlockerVolumeSource","Insufficient Modularization","Modularity, Maintainability"
"io.kubernetes.client.openapi.models.V1ForZone","Insufficient Modularization","Modularity, Maintainability"
"io.kubernetes.client.openapi.models.V1GCEPersistentDiskVolumeSource","Insufficient Modularization","Modularity, Maintainability"
"io.kubernetes.client.openapi.models.V1GlusterfsPersistentVolumeSource","Insufficient Modularization","Modularity, Maintainability"
"io.kubernetes.client.openapi.models.V1GroupVersionForDiscovery","Insufficient Modularization","Modularity, Maintainability"
"io.kubernetes.client.openapi.models.V1GRPCAction","Insufficient Modularization","Modularity, Maintainability"
"io.kubernetes.client.openapi.models.V1HorizontalPodAutoscaler","Insufficient Modularization","Modularity, Maintainability"
"io.kubernetes.client.openapi.models.V1HorizontalPodAutoscalerSpec","Insufficient Modularization","Modularity, Maintainability"
"io.kubernetes.client.openapi.models.V1HorizontalPodAutoscalerStatus","Insufficient Modularization","Modularity, Maintainability"
"io.kubernetes.client.openapi.models.V1HostAlias","Insufficient Modularization","Modularity, Maintainability"
"io.kubernetes.client.openapi.models.V1HostIP","Insufficient Modularization","Modularity, Maintainability"
"io.kubernetes.client.openapi.models.V1HostPathVolumeSource","Insufficient Modularization","Modularity, Maintainability"
"io.kubernetes.client.openapi.models.V1HTTPGetAction","Insufficient Modularization","Modularity, Maintainability"
"io.kubernetes.client.openapi.models.V1HTTPHeader","Insufficient Modularization","Modularity, Maintainability"
"io.kubernetes.client.openapi.models.V1HTTPIngressRuleValue","Insufficient Modularization","Modularity, Maintainability"
"io.kubernetes.client.openapi.models.V1Ingress","Insufficient Modularization","Modularity, Maintainability"
"io.kubernetes.client.openapi.models.V1IngressBackend","Insufficient Modularization","Modularity, Maintainability"
"io.kubernetes.client.openapi.models.V1IngressClass","Insufficient Modularization","Modularity, Maintainability"
"io.kubernetes.client.openapi.models.V1IngressClassParametersReference","Insufficient Modularization","Modularity, Maintainability"
"io.kubernetes.client.openapi.models.V1IngressClassSpec","Insufficient Modularization","Modularity, Maintainability"
"io.kubernetes.client.openapi.models.V1IngressLoadBalancerStatus","Insufficient Modularization","Modularity, Maintainability"
"io.kubernetes.client.openapi.models.V1IngressRule","Insufficient Modularization","Modularity, Maintainability"
"io.kubernetes.client.openapi.models.V1IngressServiceBackend","Insufficient Modularization","Modularity, Maintainability"
"io.kubernetes.client.openapi.models.V1IngressStatus","Insufficient Modularization","Modularity, Maintainability"
"io.kubernetes.client.openapi.models.V1IngressTLS","Insufficient Modularization","Modularity, Maintainability"
"io.kubernetes.client.openapi.models.V1IPBlock","Insufficient Modularization","Modularity, Maintainability"
"io.kubernetes.client.openapi.models.V1ISCSIPersistentVolumeSource","Insufficient Modularization","Modularity, Maintainability"
"io.kubernetes.client.openapi.models.V1ISCSIVolumeSource","Insufficient Modularization","Modularity, Maintainability"
"io.kubernetes.client.openapi.models.V1Job","Insufficient Modularization","Modularity, Maintainability"
"io.kubernetes.client.openapi.models.V1JobCondition","Insufficient Modularization","Modularity, Maintainability"
"io.kubernetes.client.openapi.models.V1JobSpec","Insufficient Modularization","Modularity, Maintainability"
"io.kubernetes.client.openapi.models.V1JobStatus","Insufficient Modularization","Modularity, Maintainability"
"io.kubernetes.client.openapi.models.V1JobTemplateSpec","Insufficient Modularization","Modularity, Maintainability"
"io.kubernetes.client.openapi.models.V1LabelSelector","Insufficient Modularization","Modularity, Maintainability"
"io.kubernetes.client.openapi.models.V1Lease","Insufficient Modularization","Modularity, Maintainability"
"io.kubernetes.client.openapi.models.V1LeaseSpec","Insufficient Modularization","Modularity, Maintainability"
"io.kubernetes.client.openapi.models.V1Lifecycle","Insufficient Modularization","Modularity, Maintainability"
"io.kubernetes.client.openapi.models.V1LimitRange","Insufficient Modularization","Modularity, Maintainability"
"io.kubernetes.client.openapi.models.V1LimitRangeSpec","Insufficient Modularization","Modularity, Maintainability"
"io.kubernetes.client.openapi.models.V1ListMeta","Insufficient Modularization","Modularity, Maintainability"
"io.kubernetes.client.openapi.models.V1LoadBalancerStatus","Insufficient Modularization","Modularity, Maintainability"
"io.kubernetes.client.openapi.models.V1LocalObjectReference","Insufficient Modularization","Modularity, Maintainability"
"io.kubernetes.client.openapi.models.V1LocalSubjectAccessReview","Insufficient Modularization","Modularity, Maintainability"
"io.kubernetes.client.openapi.models.V1LocalVolumeSource","Insufficient Modularization","Modularity, Maintainability"
"io.kubernetes.client.openapi.models.V1ManagedFieldsEntry","Insufficient Modularization","Modularity, Maintainability"
"io.kubernetes.client.openapi.models.V1MatchCondition","Insufficient Modularization","Modularity, Maintainability"
"io.kubernetes.client.openapi.models.V1MutatingWebhook","Insufficient Modularization","Modularity, Maintainability"
"io.kubernetes.client.openapi.models.V1Namespace","Insufficient Modularization","Modularity, Maintainability"
"io.kubernetes.client.openapi.models.V1NamespaceCondition","Insufficient Modularization","Modularity, Maintainability"
"io.kubernetes.client.openapi.models.V1NamespaceSpec","Insufficient Modularization","Modularity, Maintainability"
"io.kubernetes.client.openapi.models.V1NamespaceStatus","Insufficient Modularization","Modularity, Maintainability"
"io.kubernetes.client.openapi.models.V1NetworkPolicy","Insufficient Modularization","Modularity, Maintainability"
"io.kubernetes.client.openapi.models.V1NetworkPolicyEgressRule","Insufficient Modularization","Modularity, Maintainability"
"io.kubernetes.client.openapi.models.V1NetworkPolicyIngressRule","Insufficient Modularization","Modularity, Maintainability"
"io.kubernetes.client.openapi.models.V1Node","Insufficient Modularization","Modularity, Maintainability"
"io.kubernetes.client.openapi.models.V1NodeAddress","Insufficient Modularization","Modularity, Maintainability"
"io.kubernetes.client.openapi.models.V1NodeAffinity","Insufficient Modularization","Modularity, Maintainability"
"io.kubernetes.client.openapi.models.V1NodeCondition","Insufficient Modularization","Modularity, Maintainability"
"io.kubernetes.client.openapi.models.V1NodeConfigSource","Insufficient Modularization","Modularity, Maintainability"
"io.kubernetes.client.openapi.models.V1NodeConfigStatus","Insufficient Modularization","Modularity, Maintainability"
"io.kubernetes.client.openapi.models.V1NodeDaemonEndpoints","Insufficient Modularization","Modularity, Maintainability"
"io.kubernetes.client.openapi.models.V1NodeSelector","Insufficient Modularization","Modularity, Maintainability"
"io.kubernetes.client.openapi.models.V1NodeSelectorTerm","Insufficient Modularization","Modularity, Maintainability"
"io.kubernetes.client.openapi.models.V1NodeSpec","Insufficient Modularization","Modularity, Maintainability"
"io.kubernetes.client.openapi.models.V1NodeStatus","Insufficient Modularization","Modularity, Maintainability"
"io.kubernetes.client.openapi.models.V1NodeSystemInfo","Insufficient Modularization","Modularity, Maintainability"
"io.kubernetes.client.openapi.models.V1NonResourceAttributes","Insufficient Modularization","Modularity, Maintainability"
"io.kubernetes.client.openapi.models.V1NonResourceRule","Insufficient Modularization","Modularity, Maintainability"
"io.kubernetes.client.openapi.models.V1ObjectFieldSelector","Insufficient Modularization","Modularity, Maintainability"
"io.kubernetes.client.openapi.models.V1ObjectMeta","Insufficient Modularization","Modularity, Maintainability"
"io.kubernetes.client.openapi.models.V1ObjectReference","Insufficient Modularization","Modularity, Maintainability"
"io.kubernetes.client.openapi.models.V1Overhead","Insufficient Modularization","Modularity, Maintainability"
"io.kubernetes.client.openapi.models.V1OwnerReference","Insufficient Modularization","Modularity, Maintainability"
"io.kubernetes.client.openapi.models.V1PersistentVolume","Insufficient Modularization","Modularity, Maintainability"
"io.kubernetes.client.openapi.models.V1PersistentVolumeClaim","Insufficient Modularization","Modularity, Maintainability"
"io.kubernetes.client.openapi.models.V1PersistentVolumeClaimCondition","Insufficient Modularization","Modularity, Maintainability"
"io.kubernetes.client.openapi.models.V1PersistentVolumeClaimSpec","Insufficient Modularization","Modularity, Maintainability"
"io.kubernetes.client.openapi.models.V1PersistentVolumeClaimTemplate","Insufficient Modularization","Modularity, Maintainability"
"io.kubernetes.client.openapi.models.V1PersistentVolumeClaimVolumeSource","Insufficient Modularization","Modularity, Maintainability"
"io.kubernetes.client.openapi.models.V1PersistentVolumeStatus","Insufficient Modularization","Modularity, Maintainability"
"io.kubernetes.client.openapi.models.V1PhotonPersistentDiskVolumeSource","Insufficient Modularization","Modularity, Maintainability"
"io.kubernetes.client.openapi.models.V1Pod","Insufficient Modularization","Modularity, Maintainability"
"io.kubernetes.client.openapi.models.V1PodAffinity","Insufficient Modularization","Modularity, Maintainability"
"io.kubernetes.client.openapi.models.V1PodAntiAffinity","Insufficient Modularization","Modularity, Maintainability"
"io.kubernetes.client.openapi.models.V1PodCondition","Insufficient Modularization","Modularity, Maintainability"
"io.kubernetes.client.openapi.models.V1PodDisruptionBudget","Insufficient Modularization","Modularity, Maintainability"
"io.kubernetes.client.openapi.models.V1PodDisruptionBudgetSpec","Insufficient Modularization","Modularity, Maintainability"
"io.kubernetes.client.openapi.models.V1PodDisruptionBudgetStatus","Insufficient Modularization","Modularity, Maintainability"
"io.kubernetes.client.openapi.models.V1PodDNSConfigOption","Insufficient Modularization","Modularity, Maintainability"
"io.kubernetes.client.openapi.models.V1PodFailurePolicy","Insufficient Modularization","Modularity, Maintainability"
"io.kubernetes.client.openapi.models.V1PodFailurePolicyOnPodConditionsPattern","Insufficient Modularization","Modularity, Maintainability"
"io.kubernetes.client.openapi.models.V1PodIP","Insufficient Modularization","Modularity, Maintainability"
"io.kubernetes.client.openapi.models.V1PodOS","Insufficient Modularization","Modularity, Maintainability"
"io.kubernetes.client.openapi.models.V1PodReadinessGate","Insufficient Modularization","Modularity, Maintainability"
"io.kubernetes.client.openapi.models.V1PodResourceClaim","Insufficient Modularization","Modularity, Maintainability"
"io.kubernetes.client.openapi.models.V1PodResourceClaimStatus","Insufficient Modularization","Modularity, Maintainability"
"io.kubernetes.client.openapi.models.V1PodSchedulingGate","Insufficient Modularization","Modularity, Maintainability"
"io.kubernetes.client.openapi.models.V1PodSecurityContext","Insufficient Modularization","Modularity, Maintainability"
"io.kubernetes.client.openapi.models.V1PodTemplate","Insufficient Modularization","Modularity, Maintainability"
"io.kubernetes.client.openapi.models.V1PodTemplateSpec","Insufficient Modularization","Modularity, Maintainability"
"io.kubernetes.client.openapi.models.V1Preconditions","Insufficient Modularization","Modularity, Maintainability"
"io.kubernetes.client.openapi.models.V1PreferredSchedulingTerm","Insufficient Modularization","Modularity, Maintainability"
"io.kubernetes.client.openapi.models.V1PriorityClass","Insufficient Modularization","Modularity, Maintainability"
"io.kubernetes.client.openapi.models.V1Probe","Insufficient Modularization","Modularity, Maintainability"
"io.kubernetes.client.openapi.models.V1ProjectedVolumeSource","Insufficient Modularization","Modularity, Maintainability"
"io.kubernetes.client.openapi.models.V1QuobyteVolumeSource","Insufficient Modularization","Modularity, Maintainability"
"io.kubernetes.client.openapi.models.V1RBDPersistentVolumeSource","Insufficient Modularization","Modularity, Maintainability"
"io.kubernetes.client.openapi.models.V1RBDVolumeSource","Insufficient Modularization","Modularity, Maintainability"
"io.kubernetes.client.openapi.models.V1ReplicaSet","Insufficient Modularization","Modularity, Maintainability"
"io.kubernetes.client.openapi.models.V1ReplicaSetCondition","Insufficient Modularization","Modularity, Maintainability"
"io.kubernetes.client.openapi.models.V1ReplicaSetSpec","Insufficient Modularization","Modularity, Maintainability"
"io.kubernetes.client.openapi.models.V1ReplicaSetStatus","Insufficient Modularization","Modularity, Maintainability"
"io.kubernetes.client.openapi.models.V1ReplicationController","Insufficient Modularization","Modularity, Maintainability"
"io.kubernetes.client.openapi.models.V1ReplicationControllerCondition","Insufficient Modularization","Modularity, Maintainability"
"io.kubernetes.client.openapi.models.V1ReplicationControllerStatus","Insufficient Modularization","Modularity, Maintainability"
"io.kubernetes.client.openapi.models.V1ResourceAttributes","Insufficient Modularization","Modularity, Maintainability"
"io.kubernetes.client.openapi.models.V1ResourceClaim","Insufficient Modularization","Modularity, Maintainability"
"io.kubernetes.client.openapi.models.V1ResourceQuota","Insufficient Modularization","Modularity, Maintainability"
"io.kubernetes.client.openapi.models.V1ResourceQuotaStatus","Insufficient Modularization","Modularity, Maintainability"
"io.kubernetes.client.openapi.models.V1RoleBinding","Insufficient Modularization","Modularity, Maintainability"
"io.kubernetes.client.openapi.models.V1RollingUpdateDaemonSet","Insufficient Modularization","Modularity, Maintainability"
"io.kubernetes.client.openapi.models.V1RollingUpdateDeployment","Insufficient Modularization","Modularity, Maintainability"
"io.kubernetes.client.openapi.models.V1RollingUpdateStatefulSetStrategy","Insufficient Modularization","Modularity, Maintainability"
"io.kubernetes.client.openapi.models.V1RuntimeClass","Insufficient Modularization","Modularity, Maintainability"
"io.kubernetes.client.openapi.models.V1Scale","Insufficient Modularization","Modularity, Maintainability"
"io.kubernetes.client.openapi.models.V1ScaleIOPersistentVolumeSource","Insufficient Modularization","Modularity, Maintainability"
"io.kubernetes.client.openapi.models.V1ScaleIOVolumeSource","Insufficient Modularization","Modularity, Maintainability"
"io.kubernetes.client.openapi.models.V1ScaleSpec","Insufficient Modularization","Modularity, Maintainability"
"io.kubernetes.client.openapi.models.V1ScaleStatus","Insufficient Modularization","Modularity, Maintainability"
"io.kubernetes.client.openapi.models.V1Scheduling","Insufficient Modularization","Modularity, Maintainability"
"io.kubernetes.client.openapi.models.V1ScopeSelector","Insufficient Modularization","Modularity, Maintainability"
"io.kubernetes.client.openapi.models.V1SeccompProfile","Insufficient Modularization","Modularity, Maintainability"
"io.kubernetes.client.openapi.models.V1Secret","Insufficient Modularization","Modularity, Maintainability"
"io.kubernetes.client.openapi.models.V1SecretEnvSource","Insufficient Modularization","Modularity, Maintainability"
"io.kubernetes.client.openapi.models.V1SecretReference","Insufficient Modularization","Modularity, Maintainability"
"io.kubernetes.client.openapi.models.V1SecurityContext","Insufficient Modularization","Modularity, Maintainability"
"io.kubernetes.client.openapi.models.V1SelfSubjectAccessReview","Insufficient Modularization","Modularity, Maintainability"
"io.kubernetes.client.openapi.models.V1SelfSubjectAccessReviewSpec","Insufficient Modularization","Modularity, Maintainability"
"io.kubernetes.client.openapi.models.V1SelfSubjectReview","Insufficient Modularization","Modularity, Maintainability"
"io.kubernetes.client.openapi.models.V1SelfSubjectReviewStatus","Insufficient Modularization","Modularity, Maintainability"
"io.kubernetes.client.openapi.models.V1SelfSubjectRulesReview","Insufficient Modularization","Modularity, Maintainability"
"io.kubernetes.client.openapi.models.V1SelfSubjectRulesReviewSpec","Insufficient Modularization","Modularity, Maintainability"
"io.kubernetes.client.openapi.models.V1SELinuxOptions","Insufficient Modularization","Modularity, Maintainability"
"io.kubernetes.client.openapi.models.V1ServerAddressByClientCIDR","Insufficient Modularization","Modularity, Maintainability"
"io.kubernetes.client.openapi.models.V1Service","Insufficient Modularization","Modularity, Maintainability"
"io.kubernetes.client.openapi.models.V1ServiceAccount","Insufficient Modularization","Modularity, Maintainability"
"io.kubernetes.client.openapi.models.V1ServiceBackendPort","Insufficient Modularization","Modularity, Maintainability"
"io.kubernetes.client.openapi.models.V1ServicePort","Insufficient Modularization","Modularity, Maintainability"
"io.kubernetes.client.openapi.models.V1ServiceStatus","Insufficient Modularization","Modularity, Maintainability"
"io.kubernetes.client.openapi.models.V1SessionAffinityConfig","Insufficient Modularization","Modularity, Maintainability"
"io.kubernetes.client.openapi.models.V1StatefulSet","Insufficient Modularization","Modularity, Maintainability"
"io.kubernetes.client.openapi.models.V1StatefulSetCondition","Insufficient Modularization","Modularity, Maintainability"
"io.kubernetes.client.openapi.models.V1StatefulSetOrdinals","Insufficient Modularization","Modularity, Maintainability"
"io.kubernetes.client.openapi.models.V1StatefulSetPersistentVolumeClaimRetentionPolicy","Insufficient Modularization","Modularity, Maintainability"
"io.kubernetes.client.openapi.models.V1StatefulSetSpec","Insufficient Modularization","Modularity, Maintainability"
"io.kubernetes.client.openapi.models.V1StatefulSetStatus","Insufficient Modularization","Modularity, Maintainability"
"io.kubernetes.client.openapi.models.V1StatefulSetUpdateStrategy","Insufficient Modularization","Modularity, Maintainability"
"io.kubernetes.client.openapi.models.V1StatusDetails","Insufficient Modularization","Modularity, Maintainability"
"io.kubernetes.client.openapi.models.V1StorageClass","Insufficient Modularization","Modularity, Maintainability"
"io.kubernetes.client.openapi.models.V1StorageOSPersistentVolumeSource","Insufficient Modularization","Modularity, Maintainability"
"io.kubernetes.client.openapi.models.V1StorageOSVolumeSource","Insufficient Modularization","Modularity, Maintainability"
"io.kubernetes.client.openapi.models.V1Subject","Insufficient Modularization","Modularity, Maintainability"
"io.kubernetes.client.openapi.models.V1SubjectAccessReview","Insufficient Modularization","Modularity, Maintainability"
"io.kubernetes.client.openapi.models.V1SubjectAccessReviewStatus","Insufficient Modularization","Modularity, Maintainability"
"io.kubernetes.client.openapi.models.V1Sysctl","Insufficient Modularization","Modularity, Maintainability"
"io.kubernetes.client.openapi.models.V1Taint","Insufficient Modularization","Modularity, Maintainability"
"io.kubernetes.client.openapi.models.V1TCPSocketAction","Insufficient Modularization","Modularity, Maintainability"
"io.kubernetes.client.openapi.models.V1TokenRequestStatus","Insufficient Modularization","Modularity, Maintainability"
"io.kubernetes.client.openapi.models.V1TokenReview","Insufficient Modularization","Modularity, Maintainability"
"io.kubernetes.client.openapi.models.V1TokenReviewSpec","Insufficient Modularization","Modularity, Maintainability"
"io.kubernetes.client.openapi.models.V1Toleration","Insufficient Modularization","Modularity, Maintainability"
"io.kubernetes.client.openapi.models.V1TopologySelectorLabelRequirement","Insufficient Modularization","Modularity, Maintainability"
"io.kubernetes.client.openapi.models.V1TopologySelectorTerm","Insufficient Modularization","Modularity, Maintainability"
"io.kubernetes.client.openapi.models.V1TopologySpreadConstraint","Insufficient Modularization","Modularity, Maintainability"
"io.kubernetes.client.openapi.models.V1TypedObjectReference","Insufficient Modularization","Modularity, Maintainability"
"io.kubernetes.client.openapi.models.V1UncountedTerminatedPods","Insufficient Modularization","Modularity, Maintainability"
"io.kubernetes.client.openapi.models.V1ValidatingWebhook","Insufficient Modularization","Modularity, Maintainability"
"io.kubernetes.client.openapi.models.V1ValidationRule","Insufficient Modularization","Modularity, Maintainability"
"io.kubernetes.client.openapi.models.V1VolumeAttachment","Insufficient Modularization","Modularity, Maintainability"
"io.kubernetes.client.openapi.models.V1VolumeAttachmentSource","Insufficient Modularization","Modularity, Maintainability"
"io.kubernetes.client.openapi.models.V1VolumeDevice","Insufficient Modularization","Modularity, Maintainability"
"io.kubernetes.client.openapi.models.V1VolumeError","Insufficient Modularization","Modularity, Maintainability"
"io.kubernetes.client.openapi.models.V1VolumeMount","Insufficient Modularization","Modularity, Maintainability"
"io.kubernetes.client.openapi.models.V1VolumeNodeAffinity","Insufficient Modularization","Modularity, Maintainability"
"io.kubernetes.client.openapi.models.V1VolumeNodeResources","Insufficient Modularization","Modularity, Maintainability"
"io.kubernetes.client.openapi.models.V1VolumeProjection","Insufficient Modularization","Modularity, Maintainability"
"io.kubernetes.client.openapi.models.V1VsphereVirtualDiskVolumeSource","Insufficient Modularization","Modularity, Maintainability"
"io.kubernetes.client.openapi.models.V1WatchEvent","Insufficient Modularization","Modularity, Maintainability"
"io.kubernetes.client.openapi.models.V1WebhookConversion","Insufficient Modularization","Modularity, Maintainability"
"io.kubernetes.client.openapi.models.V1WeightedPodAffinityTerm","Insufficient Modularization","Modularity, Maintainability"
"io.kubernetes.client.openapi.models.V1WindowsSecurityContextOptions","Insufficient Modularization","Modularity, Maintainability"
"io.kubernetes.client.openapi.models.V2ExternalMetricSource","Insufficient Modularization","Modularity, Maintainability"
"io.kubernetes.client.openapi.models.V2ExternalMetricStatus","Insufficient Modularization","Modularity, Maintainability"
"io.kubernetes.client.openapi.models.V2HorizontalPodAutoscaler","Insufficient Modularization","Modularity, Maintainability"
"io.kubernetes.client.openapi.models.V2HorizontalPodAutoscalerBehavior","Insufficient Modularization","Modularity, Maintainability"
"io.kubernetes.client.openapi.models.V2HorizontalPodAutoscalerCondition","Insufficient Modularization","Modularity, Maintainability"
"io.kubernetes.client.openapi.models.V2HorizontalPodAutoscalerSpec","Insufficient Modularization","Modularity, Maintainability"
"io.kubernetes.client.openapi.models.V2HorizontalPodAutoscalerStatus","Insufficient Modularization","Modularity, Maintainability"
"io.kubernetes.client.openapi.models.V2MetricIdentifier","Insufficient Modularization","Modularity, Maintainability"
"io.kubernetes.client.openapi.models.V2MetricSpec","Insufficient Modularization","Modularity, Maintainability"
"io.kubernetes.client.openapi.models.V2MetricStatus","Insufficient Modularization","Modularity, Maintainability"
"io.kubernetes.client.openapi.models.V2MetricTarget","Insufficient Modularization","Modularity, Maintainability"
"io.kubernetes.client.openapi.models.V2PodsMetricSource","Insufficient Modularization","Modularity, Maintainability"
"io.kubernetes.client.openapi.models.V2PodsMetricStatus","Insufficient Modularization","Modularity, Maintainability"
"io.kubernetes.client.openapi.models.V2ResourceMetricSource","Insufficient Modularization","Modularity, Maintainability"
"io.kubernetes.client.openapi.models.V2ResourceMetricStatus","Insufficient Modularization","Modularity, Maintainability"
"io.kubernetes.client.openapi.models.VersionInfo","Insufficient Modularization","Modularity, Maintainability"
"io.kubernetes.client.openapi.ServerConfiguration","Deficient Encapsulation","Encapsulation"
"io.kubernetes.client.openapi.ServerVariable","Deficient Encapsulation","Encapsulation"
"io.kubernetes.client.custom.IntOrStringTest","Insufficient Modularization","Modularity, Maintainability"
"io.kubernetes.client.custom.QuantityFormatterTest","Insufficient Modularization","Modularity, Maintainability"
"io.kubernetes.client.custom.SuffixFormatterTest","Insufficient Modularization","Modularity, Maintainability"
