"type","severity","representativity","quality","intervention","cdi"
"io.kubernetes.client.openapi.apis.CoreV1Api","10,000","7,000","5,400","5,800","60,667"
"io.kubernetes.client.openapi.apis.AppsV1Api","3,977","7,000","5,400","5,800","24,125"
"io.kubernetes.client.openapi.apis.StorageV1Api","2,964","7,000","5,400","5,800","17,982"
"io.kubernetes.client.openapi.apis.ResourceV1alpha2Api","2,901","7,000","5,400","5,800","17,597"
"io.kubernetes.client.openapi.apis.RbacAuthorizationV1Api","2,590","7,000","5,400","5,800","15,713"
"io.kubernetes.client.openapi.ApiClient","1,569","10,000","10,000","10,000","15,689"
"io.kubernetes.client.openapi.apis.NetworkingV1Api","2,370","7,000","5,400","5,800","14,378"
"io.kubernetes.client.openapi.apis.CustomObjectsApi","2,227","7,000","5,400","5,800","13,511"
"io.kubernetes.client.openapi.apis.BatchV1Api","2,150","7,000","5,400","5,800","13,043"
"io.kubernetes.client.openapi.apis.FlowcontrolApiserverV1beta2Api","2,040","7,000","5,400","5,800","12,375"
"io.kubernetes.client.openapi.apis.FlowcontrolApiserverV1beta3Api","2,040","7,000","5,400","5,800","12,375"
"io.kubernetes.client.openapi.apis.AdmissionregistrationV1alpha1Api","1,921","7,000","5,400","5,800","11,656"
"io.kubernetes.client.openapi.apis.AdmissionregistrationV1beta1Api","1,921","7,000","5,400","5,800","11,656"
"io.kubernetes.client.openapi.apis.AdmissionregistrationV1Api","1,763","7,000","5,400","5,800","10,698"
"io.kubernetes.client.openapi.apis.NetworkingV1alpha1Api","1,763","7,000","5,400","5,800","10,698"
"io.kubernetes.client.openapi.apis.CertificatesV1Api","1,651","7,000","5,400","5,800","10,015"
"io.kubernetes.client.openapi.apis.AutoscalingV1Api","1,649","7,000","5,400","5,800","10,002"
"io.kubernetes.client.openapi.apis.AutoscalingV2Api","1,649","7,000","5,400","5,800","10,002"
"io.kubernetes.client.openapi.apis.PolicyV1Api","1,619","7,000","5,400","5,800","9,823"
"io.kubernetes.client.openapi.JSON","1,262","10,000","4,400","8,800","9,760"
"io.kubernetes.client.openapi.apis.ApiextensionsV1Api","1,538","7,000","5,400","5,800","9,332"
"io.kubernetes.client.openapi.apis.ApiregistrationV1Api","1,538","7,000","5,400","5,800","9,332"
"io.kubernetes.client.openapi.apis.InternalApiserverV1alpha1Api","1,538","7,000","5,400","5,800","9,332"
"io.kubernetes.client.openapi.apis.EventsV1Api","1,525","7,000","5,400","5,800","9,252"
"io.kubernetes.client.openapi.apis.CoordinationV1Api","1,502","7,000","5,400","5,800","9,110"
"io.kubernetes.client.openapi.apis.DiscoveryV1Api","1,502","7,000","5,400","5,800","9,110"
"io.kubernetes.client.openapi.apis.CertificatesV1alpha1Api","1,426","7,000","5,400","5,800","8,649"
"io.kubernetes.client.openapi.apis.NodeV1Api","1,426","7,000","5,400","5,800","8,649"
"io.kubernetes.client.openapi.apis.SchedulingV1Api","1,426","7,000","5,400","5,800","8,649"
"io.kubernetes.client.openapi.apis.AuthorizationV1Api","1,246","7,000","5,400","5,800","7,558"
"io.kubernetes.client.openapi.models.V1JSONSchemaProps","1,403","4,000","3,700","2,800","4,909"
"io.kubernetes.client.openapi.models.V1PodSpec","1,396","4,000","3,700","2,800","4,885"
"io.kubernetes.client.openapi.models.V1PersistentVolumeSpec","1,341","4,000","3,700","2,800","4,695"
"io.kubernetes.client.openapi.models.V1Volume","1,337","4,000","3,700","2,800","4,681"
"io.kubernetes.client.openapi.models.V1EphemeralContainer","1,332","4,000","3,700","2,800","4,664"
"io.kubernetes.client.openapi.models.V1Container","1,328","4,000","3,700","2,800","4,649"
"io.kubernetes.client.openapi.models.V1ServiceSpec","1,301","4,000","3,700","2,800","4,554"
"io.kubernetes.client.openapi.models.V1PodStatus","1,296","4,000","3,700","2,800","4,536"
"io.kubernetes.client.openapi.models.V1Endpoint","1,104","4,000","2,400","2,800","3,385"
"io.kubernetes.client.openapi.models.V1PersistentVolumeClaimStatus","1,098","4,000","2,400","2,800","3,369"
"io.kubernetes.client.openapi.models.V1alpha1NamedRuleWithOperations","1,098","4,000","2,400","2,800","3,368"
"io.kubernetes.client.openapi.models.V1beta1NamedRuleWithOperations","1,098","4,000","2,400","2,800","3,368"
"io.kubernetes.client.openapi.models.V1LimitRangeItem","1,098","4,000","2,400","2,800","3,367"
"io.kubernetes.client.openapi.models.V1SubjectAccessReviewSpec","1,095","4,000","2,400","2,800","3,359"
"io.kubernetes.client.openapi.models.V1ConfigMap","1,095","4,000","2,400","2,800","3,358"
"io.kubernetes.client.openapi.models.V1PolicyRule","1,094","4,000","2,400","2,800","3,356"
"io.kubernetes.client.openapi.models.V1beta2ResourcePolicyRule","1,093","4,000","2,400","2,800","3,353"
"io.kubernetes.client.openapi.models.V1beta3ResourcePolicyRule","1,093","4,000","2,400","2,800","3,353"
"io.kubernetes.client.openapi.models.V1RuleWithOperations","1,093","4,000","2,400","2,800","3,352"
"io.kubernetes.client.openapi.models.V1ResourceRule","1,089","4,000","2,400","2,800","3,340"
"io.kubernetes.client.openapi.models.V1NetworkPolicySpec","1,088","4,000","2,400","2,800","3,336"
"io.kubernetes.client.openapi.models.V1IngressSpec","1,087","4,000","2,400","2,800","3,333"
"io.kubernetes.client.openapi.models.V1UserInfo","1,087","4,000","2,400","2,800","3,333"
"io.kubernetes.client.openapi.models.V1APIVersions","1,087","4,000","2,400","2,800","3,333"
"io.kubernetes.client.openapi.models.V1alpha1ServerStorageVersion","1,087","4,000","2,400","2,800","3,332"
"io.kubernetes.client.openapi.models.V1SubjectRulesReviewStatus","1,087","4,000","2,400","2,800","3,332"
"io.kubernetes.client.openapi.models.V1alpha1ValidatingAdmissionPolicyBindingList","1,086","4,000","2,400","2,800","3,330"
"io.kubernetes.client.openapi.models.V1alpha1ValidatingAdmissionPolicyList","1,086","4,000","2,400","2,800","3,330"
"io.kubernetes.client.openapi.models.V1beta1ValidatingAdmissionPolicyBindingList","1,086","4,000","2,400","2,800","3,330"
"io.kubernetes.client.openapi.models.V1beta1ValidatingAdmissionPolicyList","1,086","4,000","2,400","2,800","3,330"
"io.kubernetes.client.openapi.models.V1ComponentStatus","1,086","4,000","2,400","2,800","3,330"
"io.kubernetes.client.openapi.models.V1Endpoints","1,086","4,000","2,400","2,800","3,330"
"io.kubernetes.client.openapi.models.V1MutatingWebhookConfiguration","1,086","4,000","2,400","2,800","3,330"
"io.kubernetes.client.openapi.models.V1Role","1,086","4,000","2,400","2,800","3,330"
"io.kubernetes.client.openapi.models.V1ValidatingWebhookConfiguration","1,086","4,000","2,400","2,800","3,330"
"io.kubernetes.client.openapi.models.CoreV1EventList","1,086","4,000","2,400","2,800","3,329"
"io.kubernetes.client.openapi.models.EventsV1EventList","1,086","4,000","2,400","2,800","3,329"
"io.kubernetes.client.openapi.models.V1alpha1ClusterCIDRList","1,086","4,000","2,400","2,800","3,329"
"io.kubernetes.client.openapi.models.V1alpha1ClusterTrustBundleList","1,086","4,000","2,400","2,800","3,329"
"io.kubernetes.client.openapi.models.V1alpha1IPAddressList","1,086","4,000","2,400","2,800","3,329"
"io.kubernetes.client.openapi.models.V1alpha1StorageVersionList","1,086","4,000","2,400","2,800","3,329"
"io.kubernetes.client.openapi.models.V1alpha2PodSchedulingContextList","1,086","4,000","2,400","2,800","3,329"
"io.kubernetes.client.openapi.models.V1alpha2ResourceClaimList","1,086","4,000","2,400","2,800","3,329"
"io.kubernetes.client.openapi.models.V1alpha2ResourceClaimTemplateList","1,086","4,000","2,400","2,800","3,329"
"io.kubernetes.client.openapi.models.V1alpha2ResourceClassList","1,086","4,000","2,400","2,800","3,329"
"io.kubernetes.client.openapi.models.V1APIServiceList","1,086","4,000","2,400","2,800","3,329"
"io.kubernetes.client.openapi.models.V1beta2FlowSchemaList","1,086","4,000","2,400","2,800","3,329"
"io.kubernetes.client.openapi.models.V1beta2PriorityLevelConfigurationList","1,086","4,000","2,400","2,800","3,329"
"io.kubernetes.client.openapi.models.V1beta3FlowSchemaList","1,086","4,000","2,400","2,800","3,329"
"io.kubernetes.client.openapi.models.V1beta3PriorityLevelConfigurationList","1,086","4,000","2,400","2,800","3,329"
"io.kubernetes.client.openapi.models.V1CertificateSigningRequestList","1,086","4,000","2,400","2,800","3,329"
"io.kubernetes.client.openapi.models.V1ClusterRoleBindingList","1,086","4,000","2,400","2,800","3,329"
"io.kubernetes.client.openapi.models.V1ClusterRoleList","1,086","4,000","2,400","2,800","3,329"
"io.kubernetes.client.openapi.models.V1ComponentStatusList","1,086","4,000","2,400","2,800","3,329"
"io.kubernetes.client.openapi.models.V1ConfigMapList","1,086","4,000","2,400","2,800","3,329"
"io.kubernetes.client.openapi.models.V1ControllerRevisionList","1,086","4,000","2,400","2,800","3,329"
"io.kubernetes.client.openapi.models.V1CronJobList","1,086","4,000","2,400","2,800","3,329"
"io.kubernetes.client.openapi.models.V1CSIDriverList","1,086","4,000","2,400","2,800","3,329"
"io.kubernetes.client.openapi.models.V1CSINodeList","1,086","4,000","2,400","2,800","3,329"
"io.kubernetes.client.openapi.models.V1CSIStorageCapacityList","1,086","4,000","2,400","2,800","3,329"
"io.kubernetes.client.openapi.models.V1CustomResourceDefinitionList","1,086","4,000","2,400","2,800","3,329"
"io.kubernetes.client.openapi.models.V1DaemonSetList","1,086","4,000","2,400","2,800","3,329"
"io.kubernetes.client.openapi.models.V1DeploymentList","1,086","4,000","2,400","2,800","3,329"
"io.kubernetes.client.openapi.models.V1EndpointSliceList","1,086","4,000","2,400","2,800","3,329"
"io.kubernetes.client.openapi.models.V1EndpointsList","1,086","4,000","2,400","2,800","3,329"
"io.kubernetes.client.openapi.models.V1HorizontalPodAutoscalerList","1,086","4,000","2,400","2,800","3,329"
"io.kubernetes.client.openapi.models.V1IngressClassList","1,086","4,000","2,400","2,800","3,329"
"io.kubernetes.client.openapi.models.V1IngressList","1,086","4,000","2,400","2,800","3,329"
"io.kubernetes.client.openapi.models.V1JobList","1,086","4,000","2,400","2,800","3,329"
"io.kubernetes.client.openapi.models.V1LeaseList","1,086","4,000","2,400","2,800","3,329"
"io.kubernetes.client.openapi.models.V1LimitRangeList","1,086","4,000","2,400","2,800","3,329"
"io.kubernetes.client.openapi.models.V1MutatingWebhookConfigurationList","1,086","4,000","2,400","2,800","3,329"
"io.kubernetes.client.openapi.models.V1NamespaceList","1,086","4,000","2,400","2,800","3,329"
"io.kubernetes.client.openapi.models.V1NetworkPolicyList","1,086","4,000","2,400","2,800","3,329"
"io.kubernetes.client.openapi.models.V1NodeList","1,086","4,000","2,400","2,800","3,329"
"io.kubernetes.client.openapi.models.V1PersistentVolumeClaimList","1,086","4,000","2,400","2,800","3,329"
"io.kubernetes.client.openapi.models.V1PersistentVolumeList","1,086","4,000","2,400","2,800","3,329"
"io.kubernetes.client.openapi.models.V1PodDisruptionBudgetList","1,086","4,000","2,400","2,800","3,329"
"io.kubernetes.client.openapi.models.V1PodList","1,086","4,000","2,400","2,800","3,329"
"io.kubernetes.client.openapi.models.V1PodTemplateList","1,086","4,000","2,400","2,800","3,329"
"io.kubernetes.client.openapi.models.V1PriorityClassList","1,086","4,000","2,400","2,800","3,329"
"io.kubernetes.client.openapi.models.V1ReplicaSetList","1,086","4,000","2,400","2,800","3,329"
"io.kubernetes.client.openapi.models.V1ReplicationControllerList","1,086","4,000","2,400","2,800","3,329"
"io.kubernetes.client.openapi.models.V1ResourceQuotaList","1,086","4,000","2,400","2,800","3,329"
"io.kubernetes.client.openapi.models.V1RoleBindingList","1,086","4,000","2,400","2,800","3,329"
"io.kubernetes.client.openapi.models.V1RoleList","1,086","4,000","2,400","2,800","3,329"
"io.kubernetes.client.openapi.models.V1RuntimeClassList","1,086","4,000","2,400","2,800","3,329"
"io.kubernetes.client.openapi.models.V1SecretList","1,086","4,000","2,400","2,800","3,329"
"io.kubernetes.client.openapi.models.V1ServiceAccountList","1,086","4,000","2,400","2,800","3,329"
"io.kubernetes.client.openapi.models.V1ServiceList","1,086","4,000","2,400","2,800","3,329"
"io.kubernetes.client.openapi.models.V1StatefulSetList","1,086","4,000","2,400","2,800","3,329"
"io.kubernetes.client.openapi.models.V1StorageClassList","1,086","4,000","2,400","2,800","3,329"
"io.kubernetes.client.openapi.models.V1ValidatingWebhookConfigurationList","1,086","4,000","2,400","2,800","3,329"
"io.kubernetes.client.openapi.models.V1VolumeAttachmentList","1,086","4,000","2,400","2,800","3,329"
"io.kubernetes.client.openapi.models.V2HorizontalPodAutoscalerList","1,086","4,000","2,400","2,800","3,329"
"io.kubernetes.client.openapi.models.V1APIResourceList","1,086","4,000","2,400","2,800","3,329"
"io.kubernetes.client.openapi.models.V1alpha2ResourceClaimStatus","1,086","4,000","2,400","2,800","3,329"
"io.kubernetes.client.openapi.models.V1VolumeAttachmentStatus","1,086","4,000","2,400","2,800","3,329"
"io.kubernetes.client.openapi.models.V1alpha1ValidatingAdmissionPolicyBindingSpec","1,086","4,000","2,400","2,800","3,329"
"io.kubernetes.client.openapi.models.V1beta1ValidatingAdmissionPolicyBindingSpec","1,086","4,000","2,400","2,800","3,329"
"io.kubernetes.client.openapi.models.V1beta2FlowSchemaSpec","1,086","4,000","2,400","2,800","3,329"
"io.kubernetes.client.openapi.models.V1beta3FlowSchemaSpec","1,086","4,000","2,400","2,800","3,329"
"io.kubernetes.client.openapi.models.V1PodAffinityTerm","1,086","4,000","2,400","2,800","3,329"
"io.kubernetes.client.openapi.models.V1ConfigMapVolumeSource","1,085","4,000","2,400","2,800","3,329"
"io.kubernetes.client.openapi.models.V1CSINodeDriver","1,085","4,000","2,400","2,800","3,329"
"io.kubernetes.client.openapi.models.V1SecretVolumeSource","1,085","4,000","2,400","2,800","3,329"
"io.kubernetes.client.openapi.models.V1ReplicationControllerSpec","1,085","4,000","2,400","2,800","3,329"
"io.kubernetes.client.openapi.models.V1TokenReviewStatus","1,085","4,000","2,400","2,800","3,329"
"io.kubernetes.client.openapi.models.V1EndpointSubset","1,084","4,000","2,400","2,800","3,324"
"io.kubernetes.client.openapi.models.V1beta2PolicyRulesWithSubjects","1,084","4,000","2,400","2,800","3,324"
"io.kubernetes.client.openapi.models.V1beta3PolicyRulesWithSubjects","1,084","4,000","2,400","2,800","3,324"
"io.kubernetes.client.openapi.models.V1ResourceRequirements","1,084","4,000","2,400","2,800","3,324"
"io.kubernetes.client.openapi.models.V1PodDNSConfig","1,084","4,000","2,400","2,800","3,323"
"io.kubernetes.client.openapi.models.V1alpha1StorageVersionStatus","1,083","4,000","2,400","2,800","3,320"
"io.kubernetes.client.openapi.models.V1CustomResourceDefinitionStatus","1,083","4,000","2,400","2,800","3,320"
"io.kubernetes.client.openapi.models.V1ResourceQuotaSpec","1,083","4,000","2,400","2,800","3,320"
"io.kubernetes.client.openapi.models.V1IngressLoadBalancerIngress","1,082","4,000","2,400","2,800","3,317"
"io.kubernetes.client.openapi.models.V1LoadBalancerIngress","1,082","4,000","2,400","2,800","3,317"
"io.kubernetes.client.openapi.models.V1APIGroupList","1,082","4,000","2,400","2,800","3,317"
"io.kubernetes.client.openapi.models.V1PodFailurePolicyRule","1,082","4,000","2,400","2,800","3,317"
"io.kubernetes.client.openapi.models.V1PodFailurePolicyOnExitCodesRequirement","1,081","4,000","2,400","2,800","3,316"
"io.kubernetes.client.openapi.models.V1ConfigMapProjection","1,081","4,000","2,400","2,800","3,316"
"io.kubernetes.client.openapi.models.V1SecretProjection","1,081","4,000","2,400","2,800","3,316"
"io.kubernetes.client.openapi.models.V2HPAScalingRules","1,081","4,000","2,400","2,800","3,316"
"io.kubernetes.client.openapi.models.V1alpha1ValidatingAdmissionPolicyStatus","1,081","4,000","2,400","2,800","3,316"
"io.kubernetes.client.openapi.models.V1alpha2AllocationResult","1,081","4,000","2,400","2,800","3,316"
"io.kubernetes.client.openapi.models.V1beta1ValidatingAdmissionPolicyStatus","1,081","4,000","2,400","2,800","3,316"
"io.kubernetes.client.openapi.models.V1TokenRequestSpec","1,081","4,000","2,400","2,800","3,316"
"io.kubernetes.client.openapi.models.V1LabelSelectorRequirement","1,081","4,000","2,400","2,800","3,316"
"io.kubernetes.client.openapi.models.V1NodeSelectorRequirement","1,081","4,000","2,400","2,800","3,316"
"io.kubernetes.client.openapi.models.V1ScopedResourceSelectorRequirement","1,081","4,000","2,400","2,800","3,316"
"io.kubernetes.client.openapi.models.V1CronJobStatus","1,081","4,000","2,400","2,800","3,316"
"io.kubernetes.client.openapi.models.V1GitRepoVolumeSource","1,080","4,000","2,400","2,800","3,313"
"io.kubernetes.client.openapi.models.V1ResourceFieldSelector","1,080","4,000","2,400","2,800","3,313"
"io.kubernetes.client.openapi.models.V1StatusCause","1,080","4,000","2,400","2,800","3,313"
"io.kubernetes.client.openapi.models.V1alpha2ResourceClaimSpec","1,080","4,000","2,400","2,800","3,313"
"io.kubernetes.client.openapi.models.V1EnvVar","1,080","4,000","2,400","2,800","3,313"
"io.kubernetes.client.openapi.models.V1alpha2ResourceClaimParametersReference","1,080","4,000","2,400","2,800","3,313"
"io.kubernetes.client.openapi.models.V1beta2PriorityLevelConfigurationSpec","1,080","4,000","2,400","2,800","3,313"
"io.kubernetes.client.openapi.models.V1beta3PriorityLevelConfigurationSpec","1,080","4,000","2,400","2,800","3,313"
"io.kubernetes.client.openapi.models.V1CrossVersionObjectReference","1,080","4,000","2,400","2,800","3,313"
"io.kubernetes.client.openapi.models.V1CustomResourceSubresourceScale","1,080","4,000","2,400","2,800","3,313"
"io.kubernetes.client.openapi.models.V1EnvFromSource","1,080","4,000","2,400","2,800","3,313"
"io.kubernetes.client.openapi.models.V1TypedLocalObjectReference","1,080","4,000","2,400","2,800","3,313"
"io.kubernetes.client.openapi.models.V2CrossVersionObjectReference","1,080","4,000","2,400","2,800","3,313"
"io.kubernetes.client.openapi.models.ApiregistrationV1ServiceReference","1,080","4,000","2,400","2,800","3,313"
"io.kubernetes.client.openapi.models.V1Affinity","1,080","4,000","2,400","2,800","3,313"
"io.kubernetes.client.openapi.models.V1ConfigMapKeySelector","1,080","4,000","2,400","2,800","3,313"
"io.kubernetes.client.openapi.models.V1ContainerState","1,080","4,000","2,400","2,800","3,313"
"io.kubernetes.client.openapi.models.V1HTTPIngressPath","1,080","4,000","2,400","2,800","3,313"
"io.kubernetes.client.openapi.models.V1IngressPortStatus","1,080","4,000","2,400","2,800","3,313"
"io.kubernetes.client.openapi.models.V1LifecycleHandler","1,080","4,000","2,400","2,800","3,313"
"io.kubernetes.client.openapi.models.V1NetworkPolicyPeer","1,080","4,000","2,400","2,800","3,313"
"io.kubernetes.client.openapi.models.V1NetworkPolicyPort","1,080","4,000","2,400","2,800","3,313"
"io.kubernetes.client.openapi.models.V1PortStatus","1,080","4,000","2,400","2,800","3,313"
"io.kubernetes.client.openapi.models.V1PortworxVolumeSource","1,080","4,000","2,400","2,800","3,313"
"io.kubernetes.client.openapi.models.V1SecretKeySelector","1,080","4,000","2,400","2,800","3,313"
"io.kubernetes.client.openapi.models.V1ServiceAccountTokenProjection","1,080","4,000","2,400","2,800","3,313"
"io.kubernetes.client.openapi.models.V2MetricValueStatus","1,080","4,000","2,400","2,800","3,313"
"io.kubernetes.client.openapi.models.AdmissionregistrationV1WebhookClientConfig","1,080","4,000","2,400","2,800","3,312"
"io.kubernetes.client.openapi.models.ApiextensionsV1WebhookClientConfig","1,080","4,000","2,400","2,800","3,312"
"io.kubernetes.client.openapi.models.V1RoleRef","1,080","4,000","2,400","2,800","3,312"
"io.kubernetes.client.openapi.models.V1AzureFileVolumeSource","1,080","4,000","2,400","2,800","3,312"
"io.kubernetes.client.openapi.models.V1GlusterfsVolumeSource","1,080","4,000","2,400","2,800","3,312"
"io.kubernetes.client.openapi.models.V1KeyToPath","1,080","4,000","2,400","2,800","3,312"
"io.kubernetes.client.openapi.models.V1NFSVolumeSource","1,080","4,000","2,400","2,800","3,312"
"io.kubernetes.client.openapi.models.V1VolumeAttachmentSpec","1,080","4,000","2,400","2,800","3,312"
"io.kubernetes.client.openapi.models.V2ContainerResourceMetricSource","1,080","4,000","2,400","2,800","3,312"
"io.kubernetes.client.openapi.models.V2ContainerResourceMetricStatus","1,080","4,000","2,400","2,800","3,312"
"io.kubernetes.client.openapi.models.V2HPAScalingPolicy","1,080","4,000","2,400","2,800","3,312"
"io.kubernetes.client.openapi.models.V2ObjectMetricSource","1,080","4,000","2,400","2,800","3,312"
"io.kubernetes.client.openapi.models.V2ObjectMetricStatus","1,080","4,000","2,400","2,800","3,312"
"io.kubernetes.client.openapi.models.V1beta2QueuingConfiguration","1,080","4,000","2,400","2,800","3,312"
"io.kubernetes.client.openapi.models.V1beta3QueuingConfiguration","1,080","4,000","2,400","2,800","3,312"
"io.kubernetes.client.openapi.models.V1EndpointConditions","1,080","4,000","2,400","2,800","3,312"
"io.kubernetes.client.openapi.apis.AuthenticationV1Api","1,061","4,000","2,400","2,800","3,253"
"io.kubernetes.client.openapi.apis.AuthenticationV1alpha1Api","1,044","4,000","2,400","2,800","3,202"
"io.kubernetes.client.openapi.apis.AuthenticationV1beta1Api","1,044","4,000","2,400","2,800","3,202"
"io.kubernetes.client.openapi.models.V1Status","1,135","4,000","2,100","2,200","3,139"
"io.kubernetes.client.openapi.models.EventsV1Event","1,044","1,000","1,500","1,000","1,218"
"io.kubernetes.client.openapi.models.CoreV1Event","1,044","1,000","1,500","1,000","1,217"
"io.kubernetes.client.openapi.models.V1ObjectMeta","1,043","1,000","1,500","1,000","1,217"
"io.kubernetes.client.openapi.models.V1JobSpec","1,040","1,000","1,500","1,000","1,214"
"io.kubernetes.client.openapi.models.V1NodeStatus","1,040","1,000","1,500","1,000","1,214"
"io.kubernetes.client.openapi.models.V1MutatingWebhook","1,040","1,000","1,500","1,000","1,213"
"io.kubernetes.client.openapi.models.V1ValidatingWebhook","1,039","1,000","1,500","1,000","1,212"
"io.kubernetes.client.openapi.models.V1ISCSIPersistentVolumeSource","1,038","1,000","1,500","1,000","1,211"
"io.kubernetes.client.openapi.models.V1ISCSIVolumeSource","1,038","1,000","1,500","1,000","1,211"
"io.kubernetes.client.openapi.models.V1StatefulSetSpec","1,038","1,000","1,500","1,000","1,211"
"io.kubernetes.client.openapi.models.V1ContainerStatus","1,038","1,000","1,500","1,000","1,211"
"io.kubernetes.client.openapi.models.V1JobStatus","1,038","1,000","1,500","1,000","1,211"
"io.kubernetes.client.openapi.models.V1StorageClass","1,038","1,000","1,500","1,000","1,211"
"io.kubernetes.client.openapi.models.V1APIResource","1,038","1,000","1,500","1,000","1,210"
"io.kubernetes.client.openapi.models.V1SecurityContext","1,037","1,000","1,500","1,000","1,210"
"io.kubernetes.client.openapi.models.V1PodSecurityContext","1,037","1,000","1,500","1,000","1,210"
"io.kubernetes.client.openapi.models.V1CSIPersistentVolumeSource","1,037","1,000","1,500","1,000","1,210"
"io.kubernetes.client.openapi.models.V1StatefulSetStatus","1,037","1,000","1,500","1,000","1,209"
"io.kubernetes.client.openapi.models.V1DaemonSetStatus","1,037","1,000","1,500","1,000","1,209"
"io.kubernetes.client.openapi.models.V1ScaleIOPersistentVolumeSource","1,036","1,000","1,500","1,000","1,209"
"io.kubernetes.client.openapi.models.V1ScaleIOVolumeSource","1,036","1,000","1,500","1,000","1,209"
"io.kubernetes.client.openapi.models.V1NodeSystemInfo","1,036","1,000","1,500","1,000","1,209"
"io.kubernetes.client.openapi.models.V1Probe","1,036","1,000","1,500","1,000","1,209"
"io.kubernetes.client.openapi.models.V1CertificateSigningRequestSpec","1,035","1,000","1,500","1,000","1,208"
"io.kubernetes.client.openapi.models.VersionInfo","1,035","1,000","1,500","1,000","1,208"
"io.kubernetes.client.openapi.models.V1alpha1ValidatingAdmissionPolicySpec","1,035","1,000","1,500","1,000","1,208"
"io.kubernetes.client.openapi.models.V1beta1ValidatingAdmissionPolicySpec","1,035","1,000","1,500","1,000","1,208"
"io.kubernetes.client.openapi.models.V1CSIDriverSpec","1,035","1,000","1,500","1,000","1,208"
"io.kubernetes.client.openapi.models.V1PersistentVolumeClaimSpec","1,035","1,000","1,500","1,000","1,207"
"io.kubernetes.client.openapi.models.V1RBDPersistentVolumeSource","1,035","1,000","1,500","1,000","1,207"
"io.kubernetes.client.openapi.models.V1RBDVolumeSource","1,035","1,000","1,500","1,000","1,207"
"io.kubernetes.client.openapi.models.V1CustomResourceDefinitionVersion","1,035","1,000","1,500","1,000","1,207"
"io.kubernetes.client.openapi.models.V1TopologySpreadConstraint","1,035","1,000","1,500","1,000","1,207"
"io.kubernetes.client.openapi.models.V1DeploymentStatus","1,035","1,000","1,500","1,000","1,207"
"io.kubernetes.client.openapi.models.V1CronJobSpec","1,034","1,000","1,500","1,000","1,207"
"io.kubernetes.client.openapi.models.V1NodeSpec","1,034","1,000","1,500","1,000","1,207"
"io.kubernetes.client.openapi.models.V1DeploymentSpec","1,034","1,000","1,500","1,000","1,207"
"io.kubernetes.client.openapi.models.V1Secret","1,034","1,000","1,500","1,000","1,206"
"io.kubernetes.client.openapi.models.V1PodDisruptionBudgetStatus","1,034","1,000","1,500","1,000","1,206"
"io.kubernetes.client.openapi.models.V1DeleteOptions","1,034","1,000","1,500","1,000","1,206"
"io.kubernetes.client.openapi.models.V1ObjectReference","1,034","1,000","1,500","1,000","1,206"
"io.kubernetes.client.openapi.models.V1ResourceAttributes","1,034","1,000","1,500","1,000","1,206"
"io.kubernetes.client.openapi.models.V1CSIStorageCapacity","1,034","1,000","1,500","1,000","1,206"
"io.kubernetes.client.openapi.models.V1PriorityClass","1,034","1,000","1,500","1,000","1,206"
"io.kubernetes.client.openapi.models.V1ManagedFieldsEntry","1,033","1,000","1,500","1,000","1,206"
"io.kubernetes.client.openapi.models.V1ContainerStateTerminated","1,033","1,000","1,500","1,000","1,206"
"io.kubernetes.client.openapi.models.V1APIServiceSpec","1,033","1,000","1,500","1,000","1,206"
"io.kubernetes.client.openapi.models.V1APIGroup","1,033","1,000","1,500","1,000","1,205"
"io.kubernetes.client.openapi.models.V1EndpointSlice","1,033","1,000","1,500","1,000","1,205"
"io.kubernetes.client.openapi.models.V1ServiceAccount","1,033","1,000","1,500","1,000","1,205"
"io.kubernetes.client.openapi.models.V1CustomResourceDefinitionNames","1,033","1,000","1,500","1,000","1,205"
"io.kubernetes.client.openapi.models.V2HorizontalPodAutoscalerStatus","1,033","1,000","1,500","1,000","1,205"
"io.kubernetes.client.openapi.models.V1StatusDetails","1,033","1,000","1,500","1,000","1,205"
"io.kubernetes.client.openapi.models.V1CephFSPersistentVolumeSource","1,033","1,000","1,500","1,000","1,205"
"io.kubernetes.client.openapi.models.V1CephFSVolumeSource","1,033","1,000","1,500","1,000","1,205"
"io.kubernetes.client.openapi.models.V1CustomResourceDefinitionSpec","1,033","1,000","1,500","1,000","1,205"
"io.kubernetes.client.openapi.models.V1ReplicaSetStatus","1,033","1,000","1,500","1,000","1,205"
"io.kubernetes.client.openapi.models.V1ReplicationControllerStatus","1,033","1,000","1,500","1,000","1,205"
"io.kubernetes.client.openapi.models.V1alpha2ResourceClass","1,033","1,000","1,500","1,000","1,205"
"io.kubernetes.client.openapi.models.V1RuntimeClass","1,033","1,000","1,500","1,000","1,205"
"io.kubernetes.client.openapi.models.V1ServicePort","1,032","1,000","1,500","1,000","1,205"
"io.kubernetes.client.openapi.models.V1AzureDiskVolumeSource","1,032","1,000","1,500","1,000","1,205"
"io.kubernetes.client.openapi.models.V1QuobyteVolumeSource","1,032","1,000","1,500","1,000","1,205"
"io.kubernetes.client.openapi.models.V1VolumeMount","1,032","1,000","1,500","1,000","1,205"
"io.kubernetes.client.openapi.models.V2MetricSpec","1,032","1,000","1,500","1,000","1,205"
"io.kubernetes.client.openapi.models.V2MetricStatus","1,032","1,000","1,500","1,000","1,205"
"io.kubernetes.client.openapi.models.V1CustomResourceColumnDefinition","1,032","1,000","1,500","1,000","1,204"
"io.kubernetes.client.openapi.models.V1CertificateSigningRequestCondition","1,032","1,000","1,500","1,000","1,204"
"io.kubernetes.client.openapi.models.V1DeploymentCondition","1,032","1,000","1,500","1,000","1,204"
"io.kubernetes.client.openapi.models.V1JobCondition","1,032","1,000","1,500","1,000","1,204"
"io.kubernetes.client.openapi.models.V1NodeCondition","1,032","1,000","1,500","1,000","1,204"
"io.kubernetes.client.openapi.models.V1PersistentVolumeClaimCondition","1,032","1,000","1,500","1,000","1,204"
"io.kubernetes.client.openapi.models.V1PodCondition","1,032","1,000","1,500","1,000","1,204"
"io.kubernetes.client.openapi.models.V1alpha1StorageVersionCondition","1,032","1,000","1,500","1,000","1,204"
"io.kubernetes.client.openapi.models.V1Condition","1,032","1,000","1,500","1,000","1,204"
"io.kubernetes.client.openapi.models.V1OwnerReference","1,032","1,000","1,500","1,000","1,204"
"io.kubernetes.client.openapi.models.V1alpha1MatchResources","1,032","1,000","1,500","1,000","1,204"
"io.kubernetes.client.openapi.models.V1beta1MatchResources","1,032","1,000","1,500","1,000","1,204"
"io.kubernetes.client.openapi.models.V1FCVolumeSource","1,032","1,000","1,500","1,000","1,204"
"io.kubernetes.client.openapi.models.V1HTTPGetAction","1,032","1,000","1,500","1,000","1,204"
"io.kubernetes.client.openapi.models.V1ClusterRole","1,032","1,000","1,500","1,000","1,204"
"io.kubernetes.client.openapi.models.V1ClusterRoleBinding","1,032","1,000","1,500","1,000","1,204"
"io.kubernetes.client.openapi.models.V1RoleBinding","1,032","1,000","1,500","1,000","1,204"
"io.kubernetes.client.openapi.models.V2HorizontalPodAutoscalerSpec","1,032","1,000","1,500","1,000","1,204"
"io.kubernetes.client.openapi.models.V1CSIVolumeSource","1,032","1,000","1,500","1,000","1,204"
"io.kubernetes.client.openapi.models.V1FlexPersistentVolumeSource","1,032","1,000","1,500","1,000","1,204"
"io.kubernetes.client.openapi.models.V1FlexVolumeSource","1,032","1,000","1,500","1,000","1,204"
"io.kubernetes.client.openapi.models.V1alpha1ParentReference","1,032","1,000","1,500","1,000","1,203"
"io.kubernetes.client.openapi.models.V1ValidationRule","1,032","1,000","1,500","1,000","1,203"
"io.kubernetes.client.openapi.models.V1IngressClassParametersReference","1,032","1,000","1,500","1,000","1,203"
"io.kubernetes.client.openapi.models.AuthenticationV1TokenRequest","1,031","1,000","1,500","1,000","1,203"
"io.kubernetes.client.openapi.models.V1alpha1ValidatingAdmissionPolicy","1,031","1,000","1,500","1,000","1,203"
"io.kubernetes.client.openapi.models.V1alpha2PodSchedulingContext","1,031","1,000","1,500","1,000","1,203"
"io.kubernetes.client.openapi.models.V1alpha2ResourceClaim","1,031","1,000","1,500","1,000","1,203"
"io.kubernetes.client.openapi.models.V1APIService","1,031","1,000","1,500","1,000","1,203"
"io.kubernetes.client.openapi.models.V1beta1ValidatingAdmissionPolicy","1,031","1,000","1,500","1,000","1,203"
"io.kubernetes.client.openapi.models.V1beta2FlowSchema","1,031","1,000","1,500","1,000","1,203"
"io.kubernetes.client.openapi.models.V1beta2FlowSchemaCondition","1,031","1,000","1,500","1,000","1,203"
"io.kubernetes.client.openapi.models.V1beta2PriorityLevelConfiguration","1,031","1,000","1,500","1,000","1,203"
"io.kubernetes.client.openapi.models.V1beta2PriorityLevelConfigurationCondition","1,031","1,000","1,500","1,000","1,203"
"io.kubernetes.client.openapi.models.V1beta3FlowSchema","1,031","1,000","1,500","1,000","1,203"
"io.kubernetes.client.openapi.models.V1beta3FlowSchemaCondition","1,031","1,000","1,500","1,000","1,203"
"io.kubernetes.client.openapi.models.V1beta3PriorityLevelConfiguration","1,031","1,000","1,500","1,000","1,203"
"io.kubernetes.client.openapi.models.V1beta3PriorityLevelConfigurationCondition","1,031","1,000","1,500","1,000","1,203"
"io.kubernetes.client.openapi.models.V1CertificateSigningRequest","1,031","1,000","1,500","1,000","1,203"
"io.kubernetes.client.openapi.models.V1CronJob","1,031","1,000","1,500","1,000","1,203"
"io.kubernetes.client.openapi.models.V1CustomResourceDefinition","1,031","1,000","1,500","1,000","1,203"
"io.kubernetes.client.openapi.models.V1DaemonSet","1,031","1,000","1,500","1,000","1,203"
"io.kubernetes.client.openapi.models.V1Deployment","1,031","1,000","1,500","1,000","1,203"
"io.kubernetes.client.openapi.models.V1HorizontalPodAutoscaler","1,031","1,000","1,500","1,000","1,203"
"io.kubernetes.client.openapi.models.V1Ingress","1,031","1,000","1,500","1,000","1,203"
"io.kubernetes.client.openapi.models.V1Job","1,031","1,000","1,500","1,000","1,203"
"io.kubernetes.client.openapi.models.V1LocalSubjectAccessReview","1,031","1,000","1,500","1,000","1,203"
"io.kubernetes.client.openapi.models.V1Namespace","1,031","1,000","1,500","1,000","1,203"
"io.kubernetes.client.openapi.models.V1Node","1,031","1,000","1,500","1,000","1,203"
"io.kubernetes.client.openapi.models.V1PersistentVolume","1,031","1,000","1,500","1,000","1,203"
"io.kubernetes.client.openapi.models.V1PersistentVolumeClaim","1,031","1,000","1,500","1,000","1,203"
"io.kubernetes.client.openapi.models.V1Pod","1,031","1,000","1,500","1,000","1,203"
"io.kubernetes.client.openapi.models.V1PodDisruptionBudget","1,031","1,000","1,500","1,000","1,203"
"io.kubernetes.client.openapi.models.V1ReplicaSet","1,031","1,000","1,500","1,000","1,203"
"io.kubernetes.client.openapi.models.V1ReplicationController","1,031","1,000","1,500","1,000","1,203"
"io.kubernetes.client.openapi.models.V1ResourceQuota","1,031","1,000","1,500","1,000","1,203"
"io.kubernetes.client.openapi.models.V1Scale","1,031","1,000","1,500","1,000","1,203"
"io.kubernetes.client.openapi.models.V1SelfSubjectAccessReview","1,031","1,000","1,500","1,000","1,203"
"io.kubernetes.client.openapi.models.V1SelfSubjectRulesReview","1,031","1,000","1,500","1,000","1,203"
"io.kubernetes.client.openapi.models.V1Service","1,031","1,000","1,500","1,000","1,203"
"io.kubernetes.client.openapi.models.V1StatefulSet","1,031","1,000","1,500","1,000","1,203"
"io.kubernetes.client.openapi.models.V1SubjectAccessReview","1,031","1,000","1,500","1,000","1,203"
"io.kubernetes.client.openapi.models.V1TokenReview","1,031","1,000","1,500","1,000","1,203"
"io.kubernetes.client.openapi.models.V1Toleration","1,031","1,000","1,500","1,000","1,203"
"io.kubernetes.client.openapi.models.V1VolumeAttachment","1,031","1,000","1,500","1,000","1,203"
"io.kubernetes.client.openapi.models.V2HorizontalPodAutoscaler","1,031","1,000","1,500","1,000","1,203"
"io.kubernetes.client.openapi.models.V1ConfigMapNodeConfigSource","1,031","1,000","1,500","1,000","1,203"
"io.kubernetes.client.openapi.models.V1ContainerPort","1,031","1,000","1,500","1,000","1,203"
"io.kubernetes.client.openapi.models.V1StorageOSPersistentVolumeSource","1,031","1,000","1,500","1,000","1,203"
"io.kubernetes.client.openapi.models.V1StorageOSVolumeSource","1,031","1,000","1,500","1,000","1,203"
"io.kubernetes.client.openapi.models.V1alpha1StorageVersion","1,031","1,000","1,500","1,000","1,203"
"io.kubernetes.client.openapi.models.V1APIServiceCondition","1,031","1,000","1,500","1,000","1,203"
"io.kubernetes.client.openapi.models.V1ControllerRevision","1,031","1,000","1,500","1,000","1,203"
"io.kubernetes.client.openapi.models.V1CustomResourceDefinitionCondition","1,031","1,000","1,500","1,000","1,203"
"io.kubernetes.client.openapi.models.V1DaemonSetCondition","1,031","1,000","1,500","1,000","1,203"
"io.kubernetes.client.openapi.models.V1NamespaceCondition","1,031","1,000","1,500","1,000","1,203"
"io.kubernetes.client.openapi.models.V1ReplicaSetCondition","1,031","1,000","1,500","1,000","1,203"
"io.kubernetes.client.openapi.models.V1ReplicationControllerCondition","1,031","1,000","1,500","1,000","1,203"
"io.kubernetes.client.openapi.models.V1StatefulSetCondition","1,031","1,000","1,500","1,000","1,203"
"io.kubernetes.client.openapi.models.V2HorizontalPodAutoscalerCondition","1,031","1,000","1,500","1,000","1,203"
"io.kubernetes.client.openapi.models.V1DaemonSetSpec","1,031","1,000","1,500","1,000","1,203"
"io.kubernetes.client.openapi.models.V1LeaseSpec","1,031","1,000","1,500","1,000","1,203"
"io.kubernetes.client.openapi.models.V1HorizontalPodAutoscalerStatus","1,031","1,000","1,500","1,000","1,203"
"io.kubernetes.client.openapi.models.V1alpha1Validation","1,031","1,000","1,500","1,000","1,202"
"io.kubernetes.client.openapi.models.V1beta1Validation","1,031","1,000","1,500","1,000","1,202"
"io.kubernetes.client.openapi.models.V1BoundObjectReference","1,031","1,000","1,500","1,000","1,202"
"io.kubernetes.client.openapi.models.V1SELinuxOptions","1,031","1,000","1,500","1,000","1,202"
"io.kubernetes.client.openapi.models.V1VsphereVirtualDiskVolumeSource","1,031","1,000","1,500","1,000","1,202"
"io.kubernetes.client.openapi.models.CoreV1EndpointPort","1,030","1,000","1,500","1,000","1,202"
"io.kubernetes.client.openapi.models.V1alpha1ParamRef","1,030","1,000","1,500","1,000","1,202"
"io.kubernetes.client.openapi.models.V1beta1ParamRef","1,030","1,000","1,500","1,000","1,202"
"io.kubernetes.client.openapi.models.V1EndpointAddress","1,030","1,000","1,500","1,000","1,202"
"io.kubernetes.client.openapi.models.V1PodDisruptionBudgetSpec","1,030","1,000","1,500","1,000","1,202"
"io.kubernetes.client.openapi.models.V1alpha1ClusterCIDR","1,030","1,000","1,500","1,000","1,202"
"io.kubernetes.client.openapi.models.V1alpha1ClusterCIDRSpec","1,030","1,000","1,500","1,000","1,202"
"io.kubernetes.client.openapi.models.V1alpha1ClusterTrustBundle","1,030","1,000","1,500","1,000","1,202"
"io.kubernetes.client.openapi.models.V1alpha1IPAddress","1,030","1,000","1,500","1,000","1,202"
"io.kubernetes.client.openapi.models.V1alpha1SelfSubjectReview","1,030","1,000","1,500","1,000","1,202"
"io.kubernetes.client.openapi.models.V1alpha1ValidatingAdmissionPolicyBinding","1,030","1,000","1,500","1,000","1,202"
"io.kubernetes.client.openapi.models.V1alpha2ResourceClaimTemplate","1,030","1,000","1,500","1,000","1,202"
"io.kubernetes.client.openapi.models.V1alpha2ResourceClassParametersReference","1,030","1,000","1,500","1,000","1,202"
"io.kubernetes.client.openapi.models.V1beta1SelfSubjectReview","1,030","1,000","1,500","1,000","1,202"
"io.kubernetes.client.openapi.models.V1beta1ValidatingAdmissionPolicyBinding","1,030","1,000","1,500","1,000","1,202"
"io.kubernetes.client.openapi.models.V1Binding","1,030","1,000","1,500","1,000","1,202"
"io.kubernetes.client.openapi.models.V1ComponentCondition","1,030","1,000","1,500","1,000","1,202"
"io.kubernetes.client.openapi.models.V1CSIDriver","1,030","1,000","1,500","1,000","1,202"
"io.kubernetes.client.openapi.models.V1CSINode","1,030","1,000","1,500","1,000","1,202"
"io.kubernetes.client.openapi.models.V1Eviction","1,030","1,000","1,500","1,000","1,202"
"io.kubernetes.client.openapi.models.V1IngressClass","1,030","1,000","1,500","1,000","1,202"
"io.kubernetes.client.openapi.models.V1Lease","1,030","1,000","1,500","1,000","1,202"
"io.kubernetes.client.openapi.models.V1LimitRange","1,030","1,000","1,500","1,000","1,202"
"io.kubernetes.client.openapi.models.V1NetworkPolicy","1,030","1,000","1,500","1,000","1,202"
"io.kubernetes.client.openapi.models.V1PodTemplate","1,030","1,000","1,500","1,000","1,202"
"io.kubernetes.client.openapi.models.V1SelfSubjectReview","1,030","1,000","1,500","1,000","1,202"
"io.kubernetes.client.openapi.models.V1Subject","1,030","1,000","1,500","1,000","1,202"
"io.kubernetes.client.openapi.models.V1TypedObjectReference","1,030","1,000","1,500","1,000","1,202"
"io.kubernetes.client.openapi.models.DiscoveryV1EndpointPort","1,030","1,000","1,500","1,000","1,202"
"io.kubernetes.client.openapi.models.V1beta2Subject","1,030","1,000","1,500","1,000","1,202"
"io.kubernetes.client.openapi.models.V1beta3Subject","1,030","1,000","1,500","1,000","1,202"
"io.kubernetes.client.openapi.models.V1ListMeta","1,030","1,000","1,500","1,000","1,202"
"io.kubernetes.client.openapi.models.V1NodeConfigStatus","1,030","1,000","1,500","1,000","1,202"
"io.kubernetes.client.openapi.models.V1PersistentVolumeStatus","1,030","1,000","1,500","1,000","1,202"
"io.kubernetes.client.openapi.models.V1WindowsSecurityContextOptions","1,030","1,000","1,500","1,000","1,202"
"io.kubernetes.client.openapi.models.V2MetricTarget","1,030","1,000","1,500","1,000","1,202"
"io.kubernetes.client.openapi.models.V1alpha2ResourceClaimConsumerReference","1,030","1,000","1,500","1,000","1,202"
"io.kubernetes.client.openapi.models.V1CinderPersistentVolumeSource","1,030","1,000","1,500","1,000","1,202"
"io.kubernetes.client.openapi.models.V1CinderVolumeSource","1,030","1,000","1,500","1,000","1,202"
"io.kubernetes.client.openapi.models.V1EnvVarSource","1,030","1,000","1,500","1,000","1,202"
"io.kubernetes.client.openapi.models.V1SubjectAccessReviewStatus","1,030","1,000","1,500","1,000","1,202"
"io.kubernetes.client.openapi.models.V1VolumeProjection","1,030","1,000","1,500","1,000","1,202"
"io.kubernetes.client.openapi.models.AdmissionregistrationV1ServiceReference","1,030","1,000","1,500","1,000","1,202"
"io.kubernetes.client.openapi.models.ApiextensionsV1ServiceReference","1,030","1,000","1,500","1,000","1,202"
"io.kubernetes.client.openapi.models.V1AzureFilePersistentVolumeSource","1,030","1,000","1,500","1,000","1,202"
"io.kubernetes.client.openapi.models.V1DownwardAPIVolumeFile","1,030","1,000","1,500","1,000","1,202"
"io.kubernetes.client.openapi.models.V1GlusterfsPersistentVolumeSource","1,030","1,000","1,500","1,000","1,202"
"io.kubernetes.client.openapi.models.V1Taint","1,030","1,000","1,500","1,000","1,202"
"io.kubernetes.client.openapi.models.V1AWSElasticBlockStoreVolumeSource","1,030","1,000","1,500","1,000","1,202"
"io.kubernetes.client.openapi.models.V1GCEPersistentDiskVolumeSource","1,030","1,000","1,500","1,000","1,202"
"io.kubernetes.client.openapi.models.V1ReplicaSetSpec","1,030","1,000","1,500","1,000","1,202"
"io.kubernetes.client.openapi.models.V1beta2LimitedPriorityLevelConfiguration","1,030","1,000","1,500","1,000","1,202"
"io.kubernetes.client.openapi.models.V1beta3LimitedPriorityLevelConfiguration","1,030","1,000","1,500","1,000","1,202"
"io.kubernetes.client.openapi.models.V1HorizontalPodAutoscalerSpec","1,030","1,000","1,500","1,000","1,202"
"io.kubernetes.client.openapi.models.V1NetworkPolicyEgressRule","1,029","1,000","1,500","1,000","1,201"
"io.kubernetes.client.openapi.models.V1NetworkPolicyIngressRule","1,029","1,000","1,500","1,000","1,201"
"io.kubernetes.client.openapi.models.V1NodeSelectorTerm","1,029","1,000","1,500","1,000","1,201"
"io.kubernetes.client.openapi.models.V1PodAffinity","1,029","1,000","1,500","1,000","1,201"
"io.kubernetes.client.openapi.models.V1PodAntiAffinity","1,029","1,000","1,500","1,000","1,201"
"io.kubernetes.client.openapi.models.V1beta2NonResourcePolicyRule","1,029","1,000","1,500","1,000","1,201"
"io.kubernetes.client.openapi.models.V1beta3NonResourcePolicyRule","1,029","1,000","1,500","1,000","1,201"
"io.kubernetes.client.openapi.models.V1NonResourceRule","1,029","1,000","1,500","1,000","1,201"
"io.kubernetes.client.openapi.models.V1LabelSelector","1,029","1,000","1,500","1,000","1,201"
"io.kubernetes.client.openapi.models.V1Scheduling","1,029","1,000","1,500","1,000","1,201"
"io.kubernetes.client.openapi.models.V1Capabilities","1,029","1,000","1,500","1,000","1,201"
"io.kubernetes.client.openapi.models.V1UncountedTerminatedPods","1,029","1,000","1,500","1,000","1,201"
"io.kubernetes.client.openapi.models.V1ResourceQuotaStatus","1,029","1,000","1,500","1,000","1,200"
"io.kubernetes.client.openapi.models.V1NamespaceStatus","1,029","1,000","1,500","1,000","1,200"
"io.kubernetes.client.openapi.models.V1NodeAffinity","1,029","1,000","1,500","1,000","1,200"
"io.kubernetes.client.openapi.models.V1ServiceStatus","1,029","1,000","1,500","1,000","1,200"
"io.kubernetes.client.openapi.models.V1WebhookConversion","1,029","1,000","1,500","1,000","1,200"
"io.kubernetes.client.openapi.models.V1alpha2PodSchedulingContextSpec","1,029","1,000","1,500","1,000","1,200"
"io.kubernetes.client.openapi.models.V1alpha2ResourceClaimSchedulingStatus","1,029","1,000","1,500","1,000","1,200"
"io.kubernetes.client.openapi.models.V1CertificateSigningRequestStatus","1,029","1,000","1,500","1,000","1,200"
"io.kubernetes.client.openapi.models.V1DownwardAPIVolumeSource","1,029","1,000","1,500","1,000","1,200"
"io.kubernetes.client.openapi.models.V1HostAlias","1,029","1,000","1,500","1,000","1,200"
"io.kubernetes.client.openapi.models.V1IngressTLS","1,029","1,000","1,500","1,000","1,200"
"io.kubernetes.client.openapi.models.V1IPBlock","1,029","1,000","1,500","1,000","1,200"
"io.kubernetes.client.openapi.models.V1ProjectedVolumeSource","1,029","1,000","1,500","1,000","1,200"
"io.kubernetes.client.openapi.models.V1TokenReviewSpec","1,029","1,000","1,500","1,000","1,200"
"io.kubernetes.client.openapi.models.V1TopologySelectorLabelRequirement","1,029","1,000","1,500","1,000","1,200"
"io.kubernetes.client.openapi.models.V1ContainerImage","1,029","1,000","1,500","1,000","1,200"
"io.kubernetes.client.openapi.models.V1alpha1ClusterTrustBundleSpec","1,028","1,000","1,500","1,000","1,200"
"io.kubernetes.client.openapi.models.V1alpha1ParamKind","1,028","1,000","1,500","1,000","1,200"
"io.kubernetes.client.openapi.models.V1alpha2ResourceHandle","1,028","1,000","1,500","1,000","1,200"
"io.kubernetes.client.openapi.models.V1beta1ParamKind","1,028","1,000","1,500","1,000","1,200"
"io.kubernetes.client.openapi.models.V1ClaimSource","1,028","1,000","1,500","1,000","1,200"
"io.kubernetes.client.openapi.models.V1ContainerStateWaiting","1,028","1,000","1,500","1,000","1,200"
"io.kubernetes.client.openapi.models.V1EmptyDirVolumeSource","1,028","1,000","1,500","1,000","1,200"
"io.kubernetes.client.openapi.models.V1EventSource","1,028","1,000","1,500","1,000","1,200"
"io.kubernetes.client.openapi.models.V1ExternalDocumentation","1,028","1,000","1,500","1,000","1,200"
"io.kubernetes.client.openapi.models.V1FlockerVolumeSource","1,028","1,000","1,500","1,000","1,200"
"io.kubernetes.client.openapi.models.V1HostPathVolumeSource","1,028","1,000","1,500","1,000","1,200"
"io.kubernetes.client.openapi.models.V1LocalVolumeSource","1,028","1,000","1,500","1,000","1,200"
"io.kubernetes.client.openapi.models.V1NonResourceAttributes","1,028","1,000","1,500","1,000","1,200"
"io.kubernetes.client.openapi.models.V1ObjectFieldSelector","1,028","1,000","1,500","1,000","1,200"
"io.kubernetes.client.openapi.models.V1PhotonPersistentDiskVolumeSource","1,028","1,000","1,500","1,000","1,200"
"io.kubernetes.client.openapi.models.V1PodDNSConfigOption","1,028","1,000","1,500","1,000","1,200"
"io.kubernetes.client.openapi.models.V1PodResourceClaimStatus","1,028","1,000","1,500","1,000","1,200"
"io.kubernetes.client.openapi.models.V1Preconditions","1,028","1,000","1,500","1,000","1,200"
"io.kubernetes.client.openapi.models.V1RollingUpdateDaemonSet","1,028","1,000","1,500","1,000","1,200"
"io.kubernetes.client.openapi.models.V1RollingUpdateDeployment","1,028","1,000","1,500","1,000","1,200"
"io.kubernetes.client.openapi.models.V1SeccompProfile","1,028","1,000","1,500","1,000","1,200"
"io.kubernetes.client.openapi.models.V1SecretReference","1,028","1,000","1,500","1,000","1,200"
"io.kubernetes.client.openapi.models.V1StatefulSetPersistentVolumeClaimRetentionPolicy","1,028","1,000","1,500","1,000","1,200"
"io.kubernetes.client.openapi.models.V1TCPSocketAction","1,028","1,000","1,500","1,000","1,200"
"io.kubernetes.client.openapi.models.V1beta2LimitResponse","1,028","1,000","1,500","1,000","1,200"
"io.kubernetes.client.openapi.models.V1beta3LimitResponse","1,028","1,000","1,500","1,000","1,200"
"io.kubernetes.client.openapi.models.V1CustomResourceConversion","1,028","1,000","1,500","1,000","1,200"
"io.kubernetes.client.openapi.models.V1DaemonSetUpdateStrategy","1,028","1,000","1,500","1,000","1,200"
"io.kubernetes.client.openapi.models.V1DeploymentStrategy","1,028","1,000","1,500","1,000","1,200"
"io.kubernetes.client.openapi.models.V1GRPCAction","1,028","1,000","1,500","1,000","1,200"
"io.kubernetes.client.openapi.models.V1IngressClassSpec","1,028","1,000","1,500","1,000","1,200"
"io.kubernetes.client.openapi.models.V1IngressRule","1,028","1,000","1,500","1,000","1,200"
"io.kubernetes.client.openapi.models.V1IngressServiceBackend","1,028","1,000","1,500","1,000","1,200"
"io.kubernetes.client.openapi.models.V1PodResourceClaim","1,028","1,000","1,500","1,000","1,200"
"io.kubernetes.client.openapi.models.V1ScaleStatus","1,028","1,000","1,500","1,000","1,200"
"io.kubernetes.client.openapi.models.V1StatefulSetUpdateStrategy","1,028","1,000","1,500","1,000","1,200"
"io.kubernetes.client.openapi.models.V1VolumeAttachmentSource","1,028","1,000","1,500","1,000","1,200"
"io.kubernetes.client.openapi.models.V2MetricIdentifier","1,028","1,000","1,500","1,000","1,200"
"io.kubernetes.client.openapi.models.V1alpha1AuditAnnotation","1,028","1,000","1,500","1,000","1,200"
"io.kubernetes.client.openapi.models.V1alpha1ExpressionWarning","1,028","1,000","1,500","1,000","1,200"
"io.kubernetes.client.openapi.models.V1alpha1MatchCondition","1,028","1,000","1,500","1,000","1,200"
"io.kubernetes.client.openapi.models.V1alpha1Variable","1,028","1,000","1,500","1,000","1,200"
"io.kubernetes.client.openapi.models.V1alpha2ResourceClaimTemplateSpec","1,028","1,000","1,500","1,000","1,200"
"io.kubernetes.client.openapi.models.V1AttachedVolume","1,028","1,000","1,500","1,000","1,200"
"io.kubernetes.client.openapi.models.V1beta1AuditAnnotation","1,028","1,000","1,500","1,000","1,200"
"io.kubernetes.client.openapi.models.V1beta1ExpressionWarning","1,028","1,000","1,500","1,000","1,200"
"io.kubernetes.client.openapi.models.V1beta1MatchCondition","1,028","1,000","1,500","1,000","1,200"
"io.kubernetes.client.openapi.models.V1beta1Variable","1,028","1,000","1,500","1,000","1,200"
"io.kubernetes.client.openapi.models.V1beta2ServiceAccountSubject","1,028","1,000","1,500","1,000","1,200"
"io.kubernetes.client.openapi.models.V1beta3ServiceAccountSubject","1,028","1,000","1,500","1,000","1,200"
"io.kubernetes.client.openapi.models.V1ContainerResizePolicy","1,028","1,000","1,500","1,000","1,200"
"io.kubernetes.client.openapi.models.V1GroupVersionForDiscovery","1,028","1,000","1,500","1,000","1,200"
"io.kubernetes.client.openapi.models.V1HTTPHeader","1,028","1,000","1,500","1,000","1,200"
"io.kubernetes.client.openapi.models.V1IngressBackend","1,028","1,000","1,500","1,000","1,200"
"io.kubernetes.client.openapi.models.V1JobTemplateSpec","1,028","1,000","1,500","1,000","1,200"
"io.kubernetes.client.openapi.models.V1Lifecycle","1,028","1,000","1,500","1,000","1,200"
"io.kubernetes.client.openapi.models.V1MatchCondition","1,028","1,000","1,500","1,000","1,200"
"io.kubernetes.client.openapi.models.V1NodeAddress","1,028","1,000","1,500","1,000","1,200"
"io.kubernetes.client.openapi.models.V1PersistentVolumeClaimTemplate","1,028","1,000","1,500","1,000","1,200"
"io.kubernetes.client.openapi.models.V1PodFailurePolicyOnPodConditionsPattern","1,028","1,000","1,500","1,000","1,200"
"io.kubernetes.client.openapi.models.V1PodTemplateSpec","1,028","1,000","1,500","1,000","1,200"
"io.kubernetes.client.openapi.models.V1SelfSubjectAccessReviewSpec","1,028","1,000","1,500","1,000","1,200"
"io.kubernetes.client.openapi.models.V1ServerAddressByClientCIDR","1,028","1,000","1,500","1,000","1,200"
"io.kubernetes.client.openapi.models.V1Sysctl","1,028","1,000","1,500","1,000","1,200"
"io.kubernetes.client.openapi.models.V1VolumeDevice","1,028","1,000","1,500","1,000","1,200"
"io.kubernetes.client.openapi.models.V2HorizontalPodAutoscalerBehavior","1,028","1,000","1,500","1,000","1,200"
"io.kubernetes.client.openapi.models.StorageV1TokenRequest","1,028","1,000","1,500","1,000","1,200"
"io.kubernetes.client.openapi.models.V1ConfigMapEnvSource","1,028","1,000","1,500","1,000","1,200"
"io.kubernetes.client.openapi.models.V1PersistentVolumeClaimVolumeSource","1,028","1,000","1,500","1,000","1,200"
"io.kubernetes.client.openapi.models.V1RollingUpdateStatefulSetStrategy","1,028","1,000","1,500","1,000","1,200"
"io.kubernetes.client.openapi.models.V1SecretEnvSource","1,028","1,000","1,500","1,000","1,200"
"io.kubernetes.client.openapi.models.V1ServiceBackendPort","1,028","1,000","1,500","1,000","1,200"
"io.kubernetes.client.openapi.models.V1TokenRequestStatus","1,028","1,000","1,500","1,000","1,200"
"io.kubernetes.client.openapi.models.V1VolumeError","1,028","1,000","1,500","1,000","1,200"
"io.kubernetes.client.openapi.models.V1WatchEvent","1,028","1,000","1,500","1,000","1,200"
"io.kubernetes.client.openapi.models.V2ResourceMetricSource","1,028","1,000","1,500","1,000","1,200"
"io.kubernetes.client.openapi.models.V2ResourceMetricStatus","1,028","1,000","1,500","1,000","1,200"
"io.kubernetes.client.openapi.models.EventsV1EventSeries","1,028","1,000","1,500","1,000","1,200"
"io.kubernetes.client.openapi.models.V1CustomResourceSubresources","1,028","1,000","1,500","1,000","1,200"
"io.kubernetes.client.openapi.models.V1PreferredSchedulingTerm","1,028","1,000","1,500","1,000","1,200"
"io.kubernetes.client.openapi.models.V1WeightedPodAffinityTerm","1,028","1,000","1,500","1,000","1,200"
"io.kubernetes.client.openapi.models.V2ExternalMetricSource","1,028","1,000","1,500","1,000","1,200"
"io.kubernetes.client.openapi.models.V2ExternalMetricStatus","1,028","1,000","1,500","1,000","1,200"
"io.kubernetes.client.openapi.models.V2PodsMetricSource","1,028","1,000","1,500","1,000","1,200"
"io.kubernetes.client.openapi.models.V2PodsMetricStatus","1,028","1,000","1,500","1,000","1,200"
"io.kubernetes.client.openapi.models.CoreV1EventSeries","1,028","1,000","1,500","1,000","1,200"
"io.kubernetes.client.openapi.models.V1beta2ExemptPriorityLevelConfiguration","1,028","1,000","1,500","1,000","1,200"
"io.kubernetes.client.openapi.models.V1beta3ExemptPriorityLevelConfiguration","1,028","1,000","1,500","1,000","1,200"
"io.kubernetes.client.openapi.models.V1AggregationRule","1,028","1,000","1,500","1,000","1,199"
"io.kubernetes.client.openapi.models.V1alpha1TypeChecking","1,028","1,000","1,500","1,000","1,199"
"io.kubernetes.client.openapi.models.V1alpha2PodSchedulingContextStatus","1,028","1,000","1,500","1,000","1,199"
"io.kubernetes.client.openapi.models.V1APIServiceStatus","1,028","1,000","1,500","1,000","1,199"
"io.kubernetes.client.openapi.models.V1beta1TypeChecking","1,028","1,000","1,500","1,000","1,199"
"io.kubernetes.client.openapi.models.V1beta2FlowSchemaStatus","1,028","1,000","1,500","1,000","1,199"
"io.kubernetes.client.openapi.models.V1beta2PriorityLevelConfigurationStatus","1,028","1,000","1,500","1,000","1,199"
"io.kubernetes.client.openapi.models.V1beta3FlowSchemaStatus","1,028","1,000","1,500","1,000","1,199"
"io.kubernetes.client.openapi.models.V1beta3PriorityLevelConfigurationStatus","1,028","1,000","1,500","1,000","1,199"
"io.kubernetes.client.openapi.models.V1DownwardAPIProjection","1,028","1,000","1,500","1,000","1,199"
"io.kubernetes.client.openapi.models.V1EndpointHints","1,028","1,000","1,500","1,000","1,199"
"io.kubernetes.client.openapi.models.V1IngressLoadBalancerStatus","1,028","1,000","1,500","1,000","1,199"
"io.kubernetes.client.openapi.models.V1LoadBalancerStatus","1,028","1,000","1,500","1,000","1,199"
"io.kubernetes.client.openapi.models.V1ScopeSelector","1,028","1,000","1,500","1,000","1,199"
"io.kubernetes.client.openapi.models.V1TopologySelectorTerm","1,028","1,000","1,500","1,000","1,199"
"io.kubernetes.client.openapi.models.V1CSINodeSpec","1,028","1,000","1,500","1,000","1,199"
"io.kubernetes.client.openapi.models.V1HTTPIngressRuleValue","1,028","1,000","1,500","1,000","1,199"
"io.kubernetes.client.openapi.models.V1LimitRangeSpec","1,028","1,000","1,500","1,000","1,199"
"io.kubernetes.client.openapi.models.V1NodeSelector","1,028","1,000","1,500","1,000","1,199"
"io.kubernetes.client.openapi.models.V1PodFailurePolicy","1,028","1,000","1,500","1,000","1,199"
"io.kubernetes.client.openapi.models.V1ExecAction","1,028","1,000","1,500","1,000","1,199"
"io.kubernetes.client.openapi.models.V1NamespaceSpec","1,028","1,000","1,500","1,000","1,199"
"io.kubernetes.client.openapi.models.V1Overhead","1,028","1,000","1,500","1,000","1,199"
"io.kubernetes.client.openapi.models.V1beta2FlowDistinguisherMethod","1,027","1,000","1,500","1,000","1,199"
"io.kubernetes.client.openapi.models.V1beta2GroupSubject","1,027","1,000","1,500","1,000","1,199"
"io.kubernetes.client.openapi.models.V1beta2PriorityLevelConfigurationReference","1,027","1,000","1,500","1,000","1,199"
"io.kubernetes.client.openapi.models.V1beta2UserSubject","1,027","1,000","1,500","1,000","1,199"
"io.kubernetes.client.openapi.models.V1beta3FlowDistinguisherMethod","1,027","1,000","1,500","1,000","1,199"
"io.kubernetes.client.openapi.models.V1beta3GroupSubject","1,027","1,000","1,500","1,000","1,199"
"io.kubernetes.client.openapi.models.V1beta3PriorityLevelConfigurationReference","1,027","1,000","1,500","1,000","1,199"
"io.kubernetes.client.openapi.models.V1beta3UserSubject","1,027","1,000","1,500","1,000","1,199"
"io.kubernetes.client.openapi.models.V1ForZone","1,027","1,000","1,500","1,000","1,199"
"io.kubernetes.client.openapi.models.V1HostIP","1,027","1,000","1,500","1,000","1,199"
"io.kubernetes.client.openapi.models.V1LocalObjectReference","1,027","1,000","1,500","1,000","1,199"
"io.kubernetes.client.openapi.models.V1PodIP","1,027","1,000","1,500","1,000","1,199"
"io.kubernetes.client.openapi.models.V1PodOS","1,027","1,000","1,500","1,000","1,199"
"io.kubernetes.client.openapi.models.V1PodReadinessGate","1,027","1,000","1,500","1,000","1,199"
"io.kubernetes.client.openapi.models.V1PodSchedulingGate","1,027","1,000","1,500","1,000","1,199"
"io.kubernetes.client.openapi.models.V1ResourceClaim","1,027","1,000","1,500","1,000","1,199"
"io.kubernetes.client.openapi.models.V1SelfSubjectRulesReviewSpec","1,027","1,000","1,500","1,000","1,199"
"io.kubernetes.client.openapi.models.V1alpha1IPAddressSpec","1,027","1,000","1,500","1,000","1,199"
"io.kubernetes.client.openapi.models.V1alpha1SelfSubjectReviewStatus","1,027","1,000","1,500","1,000","1,199"
"io.kubernetes.client.openapi.models.V1beta1SelfSubjectReviewStatus","1,027","1,000","1,500","1,000","1,199"
"io.kubernetes.client.openapi.models.V1CustomResourceValidation","1,027","1,000","1,500","1,000","1,199"
"io.kubernetes.client.openapi.models.V1DaemonEndpoint","1,027","1,000","1,500","1,000","1,199"
"io.kubernetes.client.openapi.models.V1EphemeralVolumeSource","1,027","1,000","1,500","1,000","1,199"
"io.kubernetes.client.openapi.models.V1IngressStatus","1,027","1,000","1,500","1,000","1,199"
"io.kubernetes.client.openapi.models.V1NodeConfigSource","1,027","1,000","1,500","1,000","1,199"
"io.kubernetes.client.openapi.models.V1NodeDaemonEndpoints","1,027","1,000","1,500","1,000","1,199"
"io.kubernetes.client.openapi.models.V1SelfSubjectReviewStatus","1,027","1,000","1,500","1,000","1,199"
"io.kubernetes.client.openapi.models.V1SessionAffinityConfig","1,027","1,000","1,500","1,000","1,199"
"io.kubernetes.client.openapi.models.V1VolumeNodeAffinity","1,027","1,000","1,500","1,000","1,199"
"io.kubernetes.client.openapi.models.V1ClientIPConfig","1,027","1,000","1,500","1,000","1,199"
"io.kubernetes.client.openapi.models.V1ContainerStateRunning","1,027","1,000","1,500","1,000","1,199"
"io.kubernetes.client.openapi.models.V1ScaleSpec","1,027","1,000","1,500","1,000","1,199"
"io.kubernetes.client.openapi.models.V1StatefulSetOrdinals","1,027","1,000","1,500","1,000","1,199"
"io.kubernetes.client.openapi.models.V1VolumeNodeResources","1,027","1,000","1,500","1,000","1,199"
"io.kubernetes.client.openapi.apis.LogsApi","1,004","1,000","1,500","1,000","1,171"
"io.kubernetes.client.openapi.apis.AdmissionregistrationApi","1,003","1,000","1,500","1,000","1,170"
"io.kubernetes.client.openapi.apis.ApiextensionsApi","1,003","1,000","1,500","1,000","1,170"
"io.kubernetes.client.openapi.apis.ApiregistrationApi","1,003","1,000","1,500","1,000","1,170"
"io.kubernetes.client.openapi.apis.AppsApi","1,003","1,000","1,500","1,000","1,170"
"io.kubernetes.client.openapi.apis.AuthenticationApi","1,003","1,000","1,500","1,000","1,170"
"io.kubernetes.client.openapi.apis.AuthorizationApi","1,003","1,000","1,500","1,000","1,170"
"io.kubernetes.client.openapi.apis.AutoscalingApi","1,003","1,000","1,500","1,000","1,170"
"io.kubernetes.client.openapi.apis.BatchApi","1,003","1,000","1,500","1,000","1,170"
"io.kubernetes.client.openapi.apis.CertificatesApi","1,003","1,000","1,500","1,000","1,170"
"io.kubernetes.client.openapi.apis.CoordinationApi","1,003","1,000","1,500","1,000","1,170"
"io.kubernetes.client.openapi.apis.DiscoveryApi","1,003","1,000","1,500","1,000","1,170"
"io.kubernetes.client.openapi.apis.EventsApi","1,003","1,000","1,500","1,000","1,170"
"io.kubernetes.client.openapi.apis.FlowcontrolApiserverApi","1,003","1,000","1,500","1,000","1,170"
"io.kubernetes.client.openapi.apis.InternalApiserverApi","1,003","1,000","1,500","1,000","1,170"
"io.kubernetes.client.openapi.apis.NetworkingApi","1,003","1,000","1,500","1,000","1,170"
"io.kubernetes.client.openapi.apis.NodeApi","1,003","1,000","1,500","1,000","1,170"
"io.kubernetes.client.openapi.apis.PolicyApi","1,003","1,000","1,500","1,000","1,170"
"io.kubernetes.client.openapi.apis.RbacAuthorizationApi","1,003","1,000","1,500","1,000","1,170"
"io.kubernetes.client.openapi.apis.ResourceApi","1,003","1,000","1,500","1,000","1,170"
"io.kubernetes.client.openapi.apis.SchedulingApi","1,003","1,000","1,500","1,000","1,170"
"io.kubernetes.client.openapi.apis.StorageApi","1,003","1,000","1,500","1,000","1,170"
"io.kubernetes.client.custom.QuantityFormatterTest","1,002","1,000","1,500","1,000","1,169"
"io.kubernetes.client.openapi.apis.ApisApi","1,001","1,000","1,500","1,000","1,168"
"io.kubernetes.client.openapi.apis.CoreApi","1,001","1,000","1,500","1,000","1,168"
"io.kubernetes.client.openapi.apis.OpenidApi","1,001","1,000","1,500","1,000","1,168"
"io.kubernetes.client.openapi.apis.VersionApi","1,001","1,000","1,500","1,000","1,168"
"io.kubernetes.client.openapi.apis.WellKnownApi","1,001","1,000","1,500","1,000","1,168"
"io.kubernetes.client.custom.SuffixFormatterTest","1,001","1,000","1,500","1,000","1,167"
"io.kubernetes.client.custom.IntOrStringTest","1,000","1,000","1,500","1,000","1,167"
"io.kubernetes.client.openapi.ServerConfiguration","1,018","1,000","1,000","1,000","1,018"
"io.kubernetes.client.openapi.ServerVariable","1,018","1,000","1,000","1,000","1,018"
